ticker,Nama,Jenis,TahunBuku,TotalSahamBonus,CashDividenPerSahamMU,CashDividenPerSaham,TanggalCum,TanggalExRegulerDanNegosiasi,TanggalDPS,TanggalPembayaran,Rasio1,Rasio2,CashDividenTotalMU,CashDividenTotal
AALI,Astra Agro Lestari Tbk,dt,2018,0.0,,0.0,2019-04-24T00:00:00,2019-04-25T00:00:00,2019-04-26T16:00:00,2019-05-16T00:00:00,0.0,0.0,IDR,646695279888.0
ABBA,,,,,,,,,,,,,,
ABDA,Asuransi Bina Dana Arta Tbk,dt,2019,0.0,IDR,60.0,2020-08-03T00:00:00,2020-08-04T00:00:00,2020-08-05T16:00:00,2020-08-26T00:00:00,0.0,0.0,IDR,37248400800.0
ABMM,ABM Investama Tbk,dt,2019,0.0,,0.0,2020-06-26T00:00:00,2020-06-29T00:00:00,2020-06-30T16:00:00,2020-07-22T00:00:00,0.0,0.0,IDR,36250000000.0
ACES,Ace Hardware Indonesia Tbk,dti,2019,0.0,IDR,18.0,2020-08-13T00:00:00,2020-08-14T00:00:00,2020-08-18T16:00:00,2020-09-04T00:00:00,0.0,0.0,IDR,309286244180.0
ACST,PT Acset Indonusa Tbk.,dt,2018,0.0,,0.0,2019-04-22T00:00:00,2019-04-23T00:00:00,2019-04-24T16:00:00,2019-04-29T00:00:00,0.0,0.0,IDR,3500000000.0
ADES,,,,,,,,,,,,,,
ADFO,,,,,,,,,,,,,,
ADHI,PT Adhi Karya (Persero) Tbk.,dt,2019,0.0,,0.0,2020-06-12T00:00:00,2020-06-15T00:00:00,2020-06-16T16:15:00,2020-07-08T00:00:00,0.0,0.0,IDR,66380624757.0
ADMF,Adira Dinamika Multi Finance Tbk,dt,2019,0.0,IDR,1055.0,2020-04-08T00:00:00,2020-04-09T00:00:00,2020-04-13T16:00:00,2020-04-30T00:00:00,0.0,0.0,IDR,1054500000000.0
ADMG,,,,,,,,,,,,,,
ADRO,ADARO ENERGY Tbk,dt,2019,0.0,USD,0.0,2020-06-03T00:00:00,2020-06-04T00:00:00,2020-06-05T16:00:00,2020-06-19T00:00:00,0.0,0.0,USD,250130223.0
AGAR,,,,,,,,,,,,,,
AGII,PT Aneka Gas Industri Tbk.,dt,2018,0.0,IDR,3.0,2019-06-20T00:00:00,2019-06-21T00:00:00,2019-06-24T16:15:00,2019-07-11T00:00:00,0.0,0.0,,0.0
AGRO,PT Bank Rakyat Indonesia Agroniaga Tbk,dt,2018,0.0,,0.0,2019-04-08T00:00:00,2019-04-09T00:00:00,2019-04-10T16:00:00,2019-04-30T00:00:00,0.0,0.0,IDR,40842524631.0
AGRS,,,,,,,,,,,,,,
AHAP,Asuransi Harta Aman Pratama Tbk,dt,2016,0.0,,0.0,2017-06-20T00:00:00,2017-06-21T00:00:00,2017-07-03T16:15:00,2017-07-14T00:00:00,0.0,0.0,IDR,840000000.0
AIMS,,,,,,,,,,,,,,
AISA,Tiga Pilar Sejahtera Food Tbk,dt,2013,0.0,IDR,9.0,2014-12-24T00:00:00,2014-12-29T00:00:00,2015-01-02T16:00:00,2015-01-14T00:00:00,0.0,0.0,IDR,24871000000.0
AKKU,,,,,,,,,,,,,,
AKPI,Argha Karya Prima Ind. Tbk,dt,2018,0.0,,0.0,2019-05-31T00:00:00,2019-06-10T00:00:00,2019-06-11T16:00:00,2019-06-21T00:00:00,0.0,0.0,IDR,7346976000.0
AKRA,PT AKR Corporindo Tbk.,dti,2020,0.0,IDR,50.0,2020-08-04T00:00:00,2020-08-05T00:00:00,2020-08-06T16:00:00,2020-08-13T00:00:00,0.0,0.0,IDR,197371696000.0
AKSI,MAJAPAHIT SECURITIES Tbk,Tunai Final,2009,0.0,,0.0,2010-06-10T00:00:00,2010-06-11T00:00:00,1900-01-01T00:00:00,2010-06-29T00:00:00,0.0,0.0,,2160000000.0
ALDO,Alkindo Naratama Tbk,dt,2019,0.0,,0.0,2020-08-26T00:00:00,2020-08-27T00:00:00,2020-08-28T16:00:00,2020-09-17T00:00:00,0.0,0.0,IDR,1210000000.0
ALKA,,,,,,,,,,,,,,
ALMI,Alumindo Light Metal Industry Tbk,dt,2013,0.0,,0.0,2014-10-02T00:00:00,2014-10-03T00:00:00,2014-10-07T16:00:00,2014-10-21T00:00:00,0.0,0.0,IDR,0.0
ALTO,,,,,,,,,,,,,,
AMAG,Asuransi Multi Artha Guna Tbk,dt,2019,0.0,,0.0,2020-07-28T00:00:00,2020-07-29T00:00:00,2020-07-30T16:15:00,2020-08-06T00:00:00,0.0,0.0,IDR,150046575480.0
AMAN,,,,,,,,,,,,,,
AMAR,PT Bank Amar Indonesia Tbk.,dt,2019,0.0,IDR,4.0,2020-09-03T00:00:00,2020-09-04T00:00:00,2020-09-07T16:00:00,2020-09-25T00:00:00,0.0,0.0,IDR,30713262281.0
AMFG,Asahimas Flat Glass Tbk,dt,2018,0.0,IDR,30.0,2019-07-01T00:00:00,2019-07-02T00:00:00,2019-07-03T16:15:00,2019-07-23T00:00:00,0.0,0.0,IDR,13020000000.0
AMIN,PT Ateliers Mecaniques D Indonesie Tbk.,dt,2018,0.0,IDR,8.0,2019-06-28T00:00:00,2019-07-01T00:00:00,2019-07-02T16:15:00,2019-07-22T00:00:00,0.0,0.0,IDR,8640000000.0
AMOR,,,,,,,,,,,,,,
AMRT,PT Sumber Alfaria Trijaya Tbk.,dt,2019,0.0,IDR,13.0,2020-05-27T00:00:00,2020-05-28T00:00:00,2020-05-29T16:00:00,2020-06-12T00:00:00,0.0,0.0,IDR,555597832746.0
ANDI,,,,,,,,,,,,,,
ANJT,PT Austindo Nusantara Jaya Tbk.,dt,2017,0.0,IDR,12.0,2018-05-21T00:00:00,2018-05-22T00:00:00,2018-05-24T16:00:00,2018-06-08T00:00:00,0.0,0.0,IDR,39738064656.0
ANTM,Aneka Tambang Tbk.,dt,2018,0.0,,0.0,2019-05-03T00:00:00,2019-05-06T00:00:00,2019-05-07T16:15:00,2019-05-24T00:00:00,0.0,0.0,IDR,306048760607.0
APEX,,,,,,,,,,,,,,
APIC,PACIFIC STRATEGIC FINANCIAL Tbk,Tunai Final,2010,0.0,,0.0,2011-10-05T00:00:00,2011-10-06T00:00:00,1900-01-01T00:00:00,2011-10-24T00:00:00,0.0,0.0,,140023750.0
APII,PT Arita Prima Indonesia Tbk.,dt,2016,0.0,,0.0,2017-06-15T00:00:00,2017-06-16T00:00:00,2017-06-20T16:00:00,2017-07-12T00:00:00,0.0,0.0,IDR,3227280000.0
APLI,Asiaplast Industries Tbk,Tunai Final,2010,0.0,,0.0,2011-07-21T00:00:00,2011-07-22T00:00:00,1900-01-01T00:00:00,2011-08-09T00:00:00,0.0,0.0,,30000000000.0
APLN,PT Agung Podomoro Land Tbk.,dt,2016,0.0,,0.0,2017-06-19T00:00:00,2017-06-20T00:00:00,2017-06-22T16:15:00,2017-07-12T00:00:00,0.0,0.0,IDR,38729123400.0
ARGO,,,,,,,,,,,,,,
ARII,,,,,,,,,,,,,,
ARKA,,,,,,,,,,,,,,
ARMY,,,,,,,,,,,,,,
ARNA,Arwana Citramulia Tbk,dt,2019,0.0,,0.0,2020-03-11T00:00:00,2020-03-12T00:00:00,2020-03-13T16:00:00,2020-03-24T00:00:00,0.0,0.0,IDR,161190475072.0
ARTA,,,,,,,,,,,,,,
ARTI,,,,,,,,,,,,,,
ARTO,,,,,,,,,,,,,,
ASBI,Asuransi Bintang Tbk,dt,2019,0.0,,0.0,2020-07-22T00:00:00,2020-07-23T00:00:00,2020-07-24T16:00:00,2020-08-12T00:00:00,0.0,0.0,IDR,1985802890.0
ASDM,Asuransi Dayin Mitra Tbk,dt,2019,0.0,IDR,78.0,2020-06-18T00:00:00,2020-06-19T00:00:00,2020-06-22T16:15:00,2020-07-10T00:00:00,0.0,0.0,IDR,14976000000.0
ASGR,Astra Graphia Tbk,dt,2019,0.0,IDR,49.0,2020-06-18T00:00:00,2020-06-19T00:00:00,2020-06-22T16:00:00,2020-07-06T00:00:00,0.0,0.0,IDR,66678055760.0
ASII,Astra International Tbk,dt,2019,0.0,IDR,157.0,2020-06-24T00:00:00,2020-06-25T00:00:00,2020-06-26T16:00:00,2020-07-10T00:00:00,0.0,0.0,IDR,6355917842980.0
ASJT,Asuransi Jasa Tania Tbk,dt,2018,0.0,IDR,21.0,2019-06-27T00:00:00,2019-06-28T00:00:00,2019-07-01T16:00:00,2019-07-19T00:00:00,0.0,0.0,IDR,12510163588.0
ASMI,,,,,,,,,,,,,,
ASPI,,,,,,,,,,,,,,
ASRI,ALAM SUTERA REALTY Tbk,dt,2016,0.0,,0.0,2017-06-14T00:00:00,2017-06-15T00:00:00,2017-06-19T16:00:00,2017-07-07T00:00:00,0.0,0.0,IDR,29474117832.0
ASRM,,,,,,,,,,,,,,
ASSA,Adi Sarana Armada Tbk,dt,2017,0.0,,0.0,2018-05-08T00:00:00,2018-05-09T00:00:00,2018-05-14T14:00:00,2018-05-31T00:00:00,0.0,0.0,IDR,40770000000.0
ATIC,PT Anabatic Technologies Tbk,dt,2018,0.0,IDR,7.0,2019-07-05T00:00:00,2019-07-08T00:00:00,2019-07-09T16:00:00,2019-07-31T00:00:00,0.0,0.0,IDR,13125070000.0
AUTO,Astra Otoparts Tbk,dt,2019,0.0,,0.0,2020-06-17T00:00:00,2020-06-18T00:00:00,2020-06-19T16:00:00,2020-07-09T00:00:00,0.0,0.0,IDR,294003713000.0
AYLS,,,,,,,,,,,,,,
BABP,Bank ICB Bumiputera Tbk Tbk,Tunai Final,2009,0.0,,0.0,2010-07-13T00:00:00,2010-07-14T00:00:00,1900-01-01T00:00:00,2010-07-30T00:00:00,0.0,0.0,,2269546966.0
BACA,,,,,,,,,,,,,,
BAJA,Saranacentral Bajatama Tbk,dt,2012,0.0,,0.0,2013-12-24T00:00:00,2013-12-27T00:00:00,2014-01-02T16:00:00,2014-01-15T00:00:00,0.0,0.0,IDR,5670000000.0
BALI,PT Bali Towerindo Sentra Tbk. ,dt,2013,0.0,IDR,35.0,2014-07-17T00:00:00,2014-07-18T00:00:00,2014-07-22T16:00:00,2014-08-12T00:00:00,0.0,0.0,IDR,20923000000.0
BAPA,,,,,,,,,,,,,,
BAPI,,,,,,,,,,,,,,
BATA,Sepatu Bata Tbk,dti,2019,0.0,IDR,3.0,2019-12-02T00:00:00,2019-12-03T00:00:00,2019-12-04T16:00:00,2019-12-23T00:00:00,0.0,0.0,IDR,4186000000.0
BAYU,Bayu Buana Tbk,dt,2019,0.0,,0.0,2020-08-26T00:00:00,2020-08-27T00:00:00,2020-08-28T16:00:00,2020-09-16T00:00:00,0.0,0.0,IDR,17661039000.0
BBCA,PT Bank Central Asia Tbk.,dt,2019,0.0,IDR,455.0,2020-04-20T00:00:00,2020-04-21T00:00:00,2020-04-22T16:15:00,2020-05-11T00:00:00,0.0,0.0,,0.0
BBHI,,,,,,,,,,,,,,
BBKP,Bank Bukopin Tbk,dt,2017,0.0,,0.0,2017-05-17T00:00:00,2017-05-18T00:00:00,2017-05-22T16:00:00,2017-06-09T00:00:00,0.0,0.0,IDR,325981599336.0
BBLD,Buana Finance Tbk,dt,2018,0.0,,0.0,2019-05-24T00:00:00,2019-05-27T00:00:00,2019-05-28T16:00:00,2019-06-18T00:00:00,0.0,0.0,IDR,23041144756.0
BBMD,PT Bank Mestika Dharma Tbk.,dt,2017,0.0,,0.0,2018-06-05T00:00:00,2018-06-06T00:00:00,2018-06-08T16:00:00,2018-06-29T00:00:00,0.0,0.0,IDR,60000000000.0
BBNI,PT Bank Negara Indonesia (Persero) Tbk,dt,2019,0.0,,0.0,2020-02-28T00:00:00,2020-03-02T00:00:00,2020-03-03T16:00:00,2020-03-24T00:00:00,0.0,0.0,IDR,3846119011150.0
BBRI,PT Bank Rakyat Indonesia (Persero) Tbk,dt,2018,0.0,,0.0,2019-05-23T00:00:00,2019-05-24T00:00:00,2019-05-27T16:00:00,2019-06-13T00:00:00,0.0,0.0,IDR,16175566670973.0
BBRM,,,,,,,,,,,,,,
BBSI,,,,,,,,,,,,,,
BBSS,,,,,,,,,,,,,,
BBTN,PT Bank Tabungan Negara (Persero) Tbk,dt,2019,0.0,,0.0,2020-03-20T00:00:00,2020-03-23T00:00:00,2020-03-24T16:00:00,2020-04-15T00:00:00,0.0,0.0,IDR,20926303349.0
BBYB,PT Bank Yudha Bhakti Tbk.,dt,2019,0.0,IDR,0.0,2020-08-10T00:00:00,2020-08-12T00:00:00,2020-08-12T16:00:00,2020-09-03T00:00:00,0.0,0.0,IDR,1600279747.0
BCAP,,,,,,,,,,,,,,
BCIC,,,,,,,,,,,,,,
BCIP,,,,,,,,,,,,,,
BDMN,PT Bank Danamon Indonesia Tbk,dt,2019,0.0,IDR,188.0,2020-04-01T00:00:00,2020-04-02T00:00:00,2020-04-03T16:00:00,2020-04-24T00:00:00,0.0,0.0,IDR,1833053850000.0
BEEF,,,,,,,,,,,,,,
BEKS,,,,,,,,,,,,,,
BELL,PT Trisula Textile Industries Tbk,dt,2019,0.0,IDR,3.0,2020-06-23T00:00:00,2020-06-24T00:00:00,2020-06-25T16:00:00,2020-07-15T00:00:00,0.0,0.0,IDR,3625000000.0
BESS,,,,,,,,,,,,,,
BEST,Bekasi Fajar Industrial Estate Tbk,dt,2018,0.0,,0.0,2019-05-13T00:00:00,2019-05-14T00:00:00,2019-05-15T16:00:00,2019-05-29T00:00:00,0.0,0.0,IDR,84413972563.0
BFIN,BFI Finance Indonesia Tbk,dt,2019,0.0,IDR,12.0,2020-07-07T00:00:00,2020-07-08T00:00:00,2020-07-09T16:00:00,2020-07-29T00:00:00,0.0,0.0,,0.0
BGTG,,,,,,,,,,,,,,
BHAT,,,,,,,,,,,,,,
BHIT,PT MNC Investama Tbk.,dt,2014,0.0,,0.0,2015-05-28T00:00:00,2015-05-29T00:00:00,2015-06-03T16:00:00,2015-06-24T00:00:00,0.0,0.0,IDR,116676837021.0
BIKA,,,,,,,,,,,,,,
BIMA,,,,,,,,,,,,,,
BINA,,,,,,,,,,,,,,
BIPI,Benakat Integra Tbk,dt,2013,0.0,IDR,1.0,2015-01-13T00:00:00,2015-01-14T00:00:00,2015-01-16T16:00:00,2015-01-30T00:00:00,0.0,0.0,IDR,36508170014.0
BIPP,,,,,,,,,,,,,,
BIRD,PT Blue Bird Tbk,dt,2018,0.0,IDR,73.0,2019-05-31T00:00:00,2019-06-10T00:00:00,2019-06-11T16:00:00,2019-06-21T00:00:00,0.0,0.0,IDR,182653300000.0
BISI,BISI INTERNATIONAL Tbk,dt,2019,0.0,IDR,38.0,2020-09-02T00:00:00,2020-09-03T00:00:00,2020-09-04T16:00:00,2020-09-16T00:00:00,0.0,0.0,IDR,114000000000.0
BJBR,Bank Pembangunan Daerah Jawa Barat dan Banten Tbk,dt,2019,0.0,IDR,94.0,2020-04-24T00:00:00,2020-04-27T00:00:00,2020-04-28T16:15:00,2020-05-20T00:00:00,0.0,0.0,IDR,925042768877.0
BJTM,Bank Pembangunan Daerah Jawa Timur Tbk,dt,2019,0.0,,0.0,2020-05-05T00:00:00,2020-05-06T00:00:00,2020-05-08T16:00:00,2020-05-20T00:00:00,0.0,0.0,IDR,723747007552.0
BKDP,,,,,,,,,,,,,,
BKSL,Sentul City Tbk,dt,2013,0.0,IDR,0.0,2015-09-28T00:00:00,2015-09-29T00:00:00,2015-10-01T16:00:00,2015-10-20T00:00:00,0.0,0.0,IDR,7849226253.0
BKSW,,,,,,,,,,,,,,
BLTA,Berlian Laju Tanker Tbk,Tunai Final,2008,0.0,,0.0,2009-07-13T00:00:00,2009-07-14T00:00:00,1900-01-01T00:00:00,2009-07-31T00:00:00,0.0,0.0,,20884650880.0
BLTZ,,,,,,,,,,,,,,
BLUE,PT Berkah Prima Perkasa Tbk,dti,2019,0.0,,0.0,2019-09-26T00:00:00,2019-09-27T00:00:00,2019-09-30T16:00:00,2019-10-18T00:00:00,0.0,0.0,IDR,3135000000.0
BMAS,PT Bank Maspion Indonesia Tbk.,dt,2018,0.0,,0.0,2019-07-05T00:00:00,2019-07-08T00:00:00,2019-07-09T16:00:00,2019-07-26T00:00:00,0.0,0.0,IDR,35547692304.0
BMRI,PT Bank Mandiri (Persero) Tbk,dt,2019,0.0,,0.0,2020-02-27T00:00:00,2020-02-28T00:00:00,2020-03-02T16:00:00,2020-03-20T00:00:00,0.0,0.0,IDR,16489279937594.0
BMSR,,,,,,,,,,,,,,
BMTR,PT Global Mediacom Tbk,dt,2017,0.0,IDR,5.0,2018-07-04T00:00:00,2018-07-05T00:00:00,2018-07-09T16:00:00,2018-07-27T00:00:00,0.0,0.0,,0.0
BNBA,Bank Bumi Arta Tbk,dt,2019,0.0,IDR,6.0,2020-08-31T00:00:00,2020-09-01T00:00:00,2020-09-02T16:00:00,2020-09-24T00:00:00,0.0,0.0,IDR,6.0
BNBR,,,,,,,,,,,,,,
BNGA,PT Bank CIMB Niaga Tbk,dt,2019,0.0,IDR,55.0,2020-04-20T00:00:00,2020-04-21T00:00:00,2020-04-22T16:00:00,2020-05-08T00:00:00,0.0,0.0,IDR,1392161339032.0
BNII,PT Bank Maybank Indonesia Tbk,dt,2019,0.0,IDR,5.0,2020-04-07T00:00:00,2020-04-08T00:00:00,2020-04-09T16:00:00,2020-04-29T00:00:00,0.0,0.0,IDR,368504050148.0
BNLI,Bank Permata Tbk,dt,2014,0.0,IDR,14.0,2015-05-04T00:00:00,2015-05-05T00:00:00,2015-05-07T16:15:00,2015-05-21T00:00:00,0.0,0.0,IDR,166373689622.0
BOGA,,,,,,,,,,,,,,
BOLA,,,,,,,,,,,,,,
BOLT,PT Garuda Metalindo Tbk.,dt,2018,0.0,,0.0,2019-05-09T00:00:00,2019-05-10T00:00:00,2019-05-13T16:00:00,2019-05-28T00:00:00,0.0,0.0,IDR,28125000000.0
BOSS,,,,,,,,,,,,,,
BPFI,Batavia Prosperindo Finance Tbk,dt,2018,0.0,,0.0,2019-06-27T00:00:00,2019-06-28T00:00:00,2019-07-01T16:00:00,2019-07-08T00:00:00,0.0,0.0,IDR,30002227962.0
BPII,,,,,,,,,,,,,,
BPTR,,,,,,,,,,,,,,
BRAM,Indo Kordsa Tbk,dt,2019,0.0,IDR,200.0,2020-06-18T00:00:00,2020-06-19T00:00:00,2020-06-22T16:00:00,2020-07-09T00:00:00,0.0,0.0,IDR,180000000000.0
BRIS,PT Bank BRIsyariah Tbk,dt,2018,0.0,,0.0,2019-05-08T00:00:00,2019-05-09T00:00:00,2019-05-10T16:15:00,2019-05-28T00:00:00,0.0,0.0,IDR,10659984288.0
BRMS,,,,,,,,,,,,,,
BRNA,Berlina Tbk,dt,2016,0.0,,0.0,2017-05-29T00:00:00,2017-05-30T00:00:00,2017-06-02T16:00:00,2017-06-22T00:00:00,0.0,0.0,IDR,2937330000.0
BRPT,Barito Pacific Tbk,dti,2018,0.0,USD,0.0,2018-12-14T00:00:00,2018-12-17T00:00:00,2018-12-18T16:00:00,2018-12-21T00:00:00,0.0,0.0,USD,17233060.0
BSDE,PT Bumi Serpong Damai Tbk,dt,2016,0.0,,0.0,2017-06-09T00:00:00,2017-06-12T00:00:00,2017-06-14T16:15:00,2017-07-06T00:00:00,0.0,0.0,IDR,96233480960.0
BSIM,,,,,,,,,,,,,,
BSSR,Baramulti Suksessarana Tbk,dt,2019,0.0,IDR,57.0,2020-06-30T00:00:00,2020-07-01T00:00:00,2020-07-02T16:00:00,2020-07-17T00:00:00,0.0,0.0,USD,10000000.0
BSWD,Bank of India Indonesia Tbk,Tunai Final,2009,0.0,,0.0,2010-07-19T00:00:00,2010-07-20T00:00:00,1900-01-01T00:00:00,2010-08-05T00:00:00,0.0,0.0,,20832000000.0
BTEK,,,,,,,,,,,,,,
BTEL,,,,,,,,,,,,,,
BTON,Betonjaya Manunggal Tbk,dt,2014,0.0,IDR,20.0,2015-06-23T00:00:00,2015-06-24T00:00:00,2015-06-26T16:15:00,2015-07-13T00:00:00,0.0,0.0,IDR,3600000000.0
BTPN,PT BANK TABUNGAN PENSIUNAN NASIONAL Tbk,dt,2017,0.0,,0.0,2018-04-06T00:00:00,2018-04-09T00:00:00,2018-04-11T16:15:00,2018-05-03T00:00:00,0.0,0.0,IDR,574509000000.0
BTPS,PT Bank Tabungan Pensiunan Nasional Syariah Tbk.,dt,2019,0.0,IDR,45.0,2020-04-24T00:00:00,2020-04-27T00:00:00,2020-04-28T16:15:00,2020-05-20T00:00:00,0.0,0.0,IDR,346554000000.0
BUDI,PT Budi Starch & Sweetener Tbk.,dt,2019,0.0,IDR,6.0,2020-08-27T00:00:00,2020-08-28T00:00:00,2020-08-31T16:00:00,2020-09-16T00:00:00,0.0,0.0,IDR,26993984172.0
BUKK,Bukaka Teknik Utama Tbk,dt,2015,0.0,IDR,13.0,2016-06-02T00:00:00,2016-06-03T00:00:00,2016-06-07T16:00:00,2016-06-29T00:00:00,0.0,0.0,IDR,33797785600.0
BULL,,,,,,,,,,,,,,
BUMI,Bumi Resources Tbk,Tunai Final,2009,0.0,,0.0,2010-07-28T00:00:00,2010-07-29T00:00:00,1900-01-01T00:00:00,2010-08-16T00:00:00,0.0,0.0,,524004195038.0
BUVA,,,,,,,,,,,,,,
BVIC,Bank Victoria International Tbk,dt,2013,0.0,IDR,5.0,2014-07-03T00:00:00,2014-07-04T00:00:00,2014-07-08T16:00:00,2014-07-23T00:00:00,0.0,0.0,IDR,35000000000.0
BWPT,BW Plantation Tbk,dt,2013,0.0,IDR,6.0,2014-11-13T00:00:00,2014-11-14T00:00:00,2014-11-18T16:00:00,2014-12-02T00:00:00,0.0,0.0,,0.0
BYAN,Bayan Resources Tbk,dt,2019,0.0,,0.0,2020-09-03T00:00:00,2020-09-04T00:00:00,2020-09-08T16:15:00,2020-09-22T00:00:00,0.0,0.0,USD,66666670.0
CAKK,,,,,,,,,,,,,,
CAMP,PT Campina Ice Cream Industry Tbk.,dt,2018,0.0,,0.0,2019-06-26T00:00:00,2019-06-27T00:00:00,2019-06-28T16:00:00,2019-07-19T00:00:00,0.0,0.0,IDR,25011250000.0
CANI,,,,,,,,,,,,,,
CARE,,,,,,,,,,,,,,
CARS,PT Industri dan Perdagangan Bintraco Dharma Tbk,dt,2018,0.0,IDR,10.0,2019-05-14T00:00:00,2019-05-15T00:00:00,2019-05-16T16:00:00,2019-05-31T00:00:00,0.0,0.0,IDR,15000000000.0
CASA,,,,,,,,,,,,,,
CASH,,,,,,,,,,,,,,
CASS,Cardig Aero Services Tbk,dt,2016,0.0,IDR,6.0,2017-07-04T00:00:00,2017-07-05T00:00:00,2017-07-07T16:00:00,2017-07-21T00:00:00,0.0,0.0,IDR,12125179500.0
CBMF,,,,,,,,,,,,,,
CCSI,,,,,,,,,,,,,,
CEKA,PT Wilmar Cahaya Indonesia Tbk.,dt,2019,0.0,,0.0,2020-09-02T00:00:00,2020-09-03T00:00:00,2020-09-04T16:00:00,2020-09-25T00:00:00,0.0,0.0,,0.0
CENT,Centrin Online Tbk,Tunai Final,2007,0.0,,0.0,2008-07-31T00:00:00,2008-08-01T00:00:00,1900-01-01T00:00:00,2008-08-20T00:00:00,0.0,0.0,,5707935000.0
CFIN,Clipan Finance Indonesia Tbk,dt,2012,0.0,IDR,18.0,2013-07-09T00:00:00,2013-07-10T00:00:00,2013-07-12T16:00:00,2013-07-26T00:00:00,0.0,0.0,,0.0
CINT,PT Chitose Internasional Tbk,dt,2019,0.0,IDR,2.0,2020-04-29T00:00:00,2020-04-30T00:00:00,2020-05-04T16:00:00,2020-05-20T00:00:00,0.0,0.0,IDR,2000000000.0
CITA,Cita Mineral Investindo Tbk,Tunai Final,2009,0.0,,0.0,2010-07-22T00:00:00,2010-07-23T00:00:00,1900-01-01T00:00:00,2010-08-10T00:00:00,0.0,0.0,,70000000000.0
CITY,,,,,,,,,,,,,,
CLAY,,,,,,,,,,,,,,
CLEO,,,,,,,,,,,,,,
CLPI,Colorpak Indonesia Tbk,dt,2019,0.0,IDR,57.0,2020-08-31T00:00:00,2020-09-01T00:00:00,2020-09-02T16:00:00,2020-09-23T00:00:00,0.0,0.0,IDR,17325313970.0
CMNP,,,,,,,,,,,,,,
CMPP,,,,,,,,,,,,,,
CNKO,,,,,,,,,,,,,,
CNTX,,,,,,,,,,,,,,
COCO,,,,,,,,,,,,,,
COWL,COWELL DEVELOPMENT Tbk,Tunai Final,2011,0.0,,0.0,2012-07-20T00:00:00,2012-07-23T00:00:00,1900-01-01T00:00:00,2012-08-08T00:00:00,0.0,0.0,,3332143299.0
CPIN,Charoen Pokphand Indonesia Tbk,dt,2019,0.0,IDR,81.0,2020-09-02T00:00:00,2020-09-03T00:00:00,2020-09-04T16:00:00,2020-09-16T00:00:00,0.0,0.0,IDR,1328238000000.0
CPRI,,,,,,,,,,,,,,
CPRO,,,,,,,,,,,,,,
CSAP,Catur Sentosa Adiprana Tbk,dt,2019,0.0,,0.0,2020-08-28T00:00:00,2020-08-31T00:00:00,2020-09-01T16:00:00,2020-09-23T00:00:00,0.0,0.0,IDR,8916705840.0
CSIS,,,,,,,,,,,,,,
CSMI,,,,,,,,,,,,,,
CSRA,,,,,,,,,,,,,,
CTBN,Citra Tubindo Tbk,dt,2015,0.0,USD,0.0,2016-07-27T00:00:00,2016-07-28T00:00:00,2016-08-01T16:00:00,2016-08-19T00:00:00,0.0,0.0,USD,7000000.0
CTRA,Ciputra Development Tbk,dt,2019,0.0,IDR,8.0,2020-08-10T00:00:00,2020-08-11T00:00:00,2020-08-12T16:00:00,2020-09-03T00:00:00,0.0,0.0,IDR,148285562040.0
CTTH,,,,,,,,,,,,,,
DADA,,,,,,,,,,,,,,
DART,Duta Anggada Realty Tbk,dt,2016,0.0,,0.0,2017-07-07T00:00:00,2017-07-10T00:00:00,2017-07-12T16:00:00,2017-08-14T00:00:00,0.0,0.0,IDR,94241728860.0
DAYA,,,,,,,,,,,,,,
DEAL,,,,,,,,,,,,,,
DEFI,Danasupra Erapacific Tbk,dt,2012,0.0,,0.0,2013-12-03T00:00:00,2013-12-04T00:00:00,2013-12-06T16:00:00,2013-12-20T00:00:00,0.0,0.0,IDR,167648000.0
DEWA,,,,,,,,,,,,,,
DFAM,,,,,,,,,,,,,,
DGIK,Nusa Konstruksi Enjiniring  Tbk,dt,2014,0.0,,0.0,2015-06-22T00:00:00,2015-06-23T00:00:00,2015-06-25T16:00:00,2015-07-15T00:00:00,0.0,0.0,IDR,18497790475.0
DIGI,,,,,,,,,,,,,,
DILD,Intiland Development Tbk,dt,2016,0.0,,0.0,2017-05-26T00:00:00,2017-05-29T00:00:00,2017-05-31T16:00:00,2017-06-20T00:00:00,0.0,0.0,IDR,51829270925.0
DIVA,,,,,,,,,,,,,,
DKFT,Central Omega Resources Tbk,dt,2013,0.0,IDR,50.0,2014-03-04T00:00:00,2014-03-05T00:00:00,2014-03-07T16:00:00,2014-03-21T00:00:00,0.0,0.0,,0.0
DLTA,Delta Djakarta Tbk,dt,2019,0.0,IDR,390.0,2020-09-03T00:00:00,2020-09-04T00:00:00,2020-09-07T16:00:00,2020-09-25T00:00:00,0.0,0.0,,0.0
DMAS,PT Puradelta Lestari Tbk.,dt,2019,0.0,,0.0,2020-04-23T00:00:00,2020-04-24T00:00:00,2020-04-27T16:00:00,2020-05-12T00:00:00,0.0,0.0,IDR,1012160333100.0
DMMX,,,,,,,,,,,,,,
DMND,,,,,,,,,,,,,,
DNAR,,,,,,,,,,,,,,
DNET,PT Indoritel Makmur Internasional Tbk.,dt,2015,0.0,,0.0,2016-06-13T00:00:00,2016-06-14T00:00:00,2016-06-16T16:00:00,2016-07-01T00:00:00,0.0,0.0,IDR,28368000000.0
DOID,,,,,,,,,,,,,,
DPNS,Duta Pertiwi Nusantara Tbk,dt,2019,0.0,,0.0,2020-09-07T00:00:00,2020-09-08T00:00:00,2020-09-09T16:00:00,2020-09-30T00:00:00,0.0,0.0,IDR,993389856.0
DPUM,,,,,,,,,,,,,,
DSFI,,,,,,,,,,,,,,
DSNG,PT Dharma Satya Nusantara Tbk.,dt,2019,0.0,,0.0,2020-05-29T00:00:00,2020-06-02T00:00:00,2020-06-03T16:00:00,2020-06-17T00:00:00,0.0,0.0,IDR,52292092500.0
DSSA,,,,,,,,,,,,,,
DUCK,,,,,,,,,,,,,,
DUTI,Duta Pertiwi Tbk,dt,2019,0.0,,0.0,2020-07-20T00:00:00,2020-07-21T00:00:00,2020-07-22T16:00:00,2020-08-13T00:00:00,0.0,0.0,IDR,555000000000.0
DVLA,Darya-Varia Laboratoria Tbk,dt,2019,0.0,IDR,70.0,2020-07-14T00:00:00,2020-07-15T00:00:00,2020-07-16T16:00:00,2020-08-07T00:00:00,0.0,0.0,,0.0
DWGL,,,,,,,,,,,,,,
DYAN,PT Dyandra Media International Tbk.,dt,2018,0.0,,0.0,2019-06-11T00:00:00,2019-06-12T00:00:00,2019-06-13T16:00:00,2019-06-26T00:00:00,0.0,0.0,IDR,8545928558.0
EAST,,,,,,,,,,,,,,
ECII,PT Electronic City Indonesia Tbk.,dt,2015,0.0,IDR,6.0,2016-07-14T00:00:00,2016-07-15T00:00:00,2016-07-19T16:00:00,2016-08-10T00:00:00,0.0,0.0,IDR,7366179122.0
EKAD,Ekadharma International Tbk,dt,2019,0.0,,0.0,2020-08-31T00:00:00,2020-09-01T00:00:00,2020-09-02T16:00:00,2020-09-24T00:00:00,0.0,0.0,IDR,24457125000.0
ELSA,Elnusa Tbk,dt,2019,0.0,,0.0,2020-07-16T00:00:00,2020-07-17T00:00:00,2020-07-20T16:15:00,2020-08-07T00:00:00,0.0,0.0,IDR,89119000000.0
ELTY,Bakrieland Development Tbk,Tunai Final,2010,0.0,,0.0,2010-06-09T00:00:00,2010-06-10T00:00:00,1900-01-01T00:00:00,2010-06-28T00:00:00,0.0,0.0,,19959885695.0
EMDE,Megapolitan Developments Tbk,dt,2016,0.0,IDR,2.0,2017-06-21T00:00:00,2017-06-22T00:00:00,2017-07-04T16:00:00,2017-07-14T00:00:00,0.0,0.0,IDR,6700000000.0
EMTK,Elang Mahkota Teknologi Tbk,dt,2017,0.0,IDR,20.0,2018-07-02T00:00:00,2018-07-03T00:00:00,2018-07-05T16:00:00,2018-07-12T00:00:00,0.0,0.0,IDR,112800648840.0
ENRG,,,,,,,,,,,,,,
ENVY,,,,,,,,,,,,,,
ENZO,,,,,,,,,,,,,,
EPAC,,,,,,,,,,,,,,
EPMT,Enseval Putra Megatrading Tbk,dt,2019,0.0,,0.0,2020-05-14T00:00:00,2020-05-15T00:00:00,2020-05-18T16:00:00,2020-06-05T00:00:00,0.0,0.0,IDR,243777600000.0
ERAA,Erajaya Swasembada Tbk,dt,2018,0.0,,0.0,2019-05-17T00:00:00,2019-05-20T00:00:00,2019-05-21T16:15:00,2019-05-31T00:00:00,0.0,0.0,IDR,159500000000.0
ERTX,,,,,,,,,,,,,,
ESIP,PT Sinergi Inti Plastindo Tbk.,dt,2019,0.0,,0.0,2020-08-31T00:00:00,2020-09-01T00:00:00,2020-09-02T16:00:00,2020-09-23T00:00:00,0.0,0.0,,0.0
ESSA,,,,,,,,,,,,,,
ESTA,,,,,,,,,,,,,,
ESTI,Ever Shine Textile Industry Tbk,Tunai Final,2010,0.0,,0.0,2011-08-03T00:00:00,2011-08-04T00:00:00,1900-01-01T00:00:00,2011-08-23T00:00:00,0.0,0.0,,2015208720.0
ETWA,Eterindo Wahanatama Tbk,dt,2013,0.0,IDR,2.0,2014-08-04T00:00:00,2014-08-05T00:00:00,2014-08-07T16:00:00,2014-08-21T00:00:00,0.0,0.0,IDR,1571788978.0
EXCL,PT XL Axiata Tbk,dt,2019,0.0,IDR,20.0,2020-05-29T00:00:00,2020-06-02T00:00:00,2020-06-03T16:00:00,2020-06-17T00:00:00,0.0,0.0,IDR,215735000000.0
FAST,PT Fast Food Indonesia Tbk,dt,2018,0.0,,0.0,2019-06-18T00:00:00,2019-06-19T00:00:00,2019-06-20T16:00:00,2019-07-10T00:00:00,0.0,0.0,IDR,63844434528.0
FASW,Fajar Surya Wisesa Tbk,dt,2019,0.0,IDR,184.0,2020-03-20T00:00:00,2020-03-23T00:00:00,2020-03-24T16:00:00,2020-04-14T00:00:00,0.0,0.0,IDR,455931536808.0
FILM,,,,,,,,,,,,,,
FINN,,,,,,,,,,,,,,
FIRE,,,,,,,,,,,,,,
FISH,FKS Multi Agro Tbk,dt,2019,0.0,,0.0,2020-07-29T00:00:00,2020-07-30T00:00:00,2020-08-03T16:00:00,2020-08-19T00:00:00,0.0,0.0,IDR,36000000000.0
FITT,,,,,,,,,,,,,,
FMII,,,,,,,,,,,,,,
FOOD,,,,,,,,,,,,,,
FORU,Fortune Indonesia Tbk,dt,2013,0.0,IDR,10.0,2014-07-17T00:00:00,2014-07-18T00:00:00,2014-07-22T16:00:00,2014-08-12T00:00:00,0.0,0.0,IDR,4652240000.0
FORZ,,,,,,,,,,,,,,
FPNI,,,,,,,,,,,,,,
FREN,,,,,,,,,,,,,,
FUJI,,,,,,,,,,,,,,
GAMA,,,,,,,,,,,,,,
GDST,,,,,,,,,,,,,,
GDYR,Goodyear Indonesia Tbk,dt,2016,0.0,,0.0,2017-05-24T00:00:00,2017-05-26T00:00:00,2017-05-30T16:00:00,2017-06-16T00:00:00,0.0,0.0,IDR,5522700000.0
GEMA,Gema Grahasarana Tbk,dt,2019,0.0,,0.0,2020-09-07T00:00:00,2020-09-08T00:00:00,2020-09-09T16:00:00,2020-10-01T00:00:00,0.0,0.0,IDR,8000000000.0
GEMS,Golden Energy Mines Tbk,dt,2019,0.0,,0.0,2020-08-25T00:00:00,2020-08-26T00:00:00,2020-08-27T16:00:00,2020-09-02T00:00:00,0.0,0.0,USD,53000000.0
GGRM,Gudang Garam Tbk,dt,2018,0.0,,0.0,2019-07-04T00:00:00,2019-07-05T00:00:00,2019-07-08T16:00:00,2019-07-25T00:00:00,0.0,0.0,IDR,5002628800000.0
GGRP,,,,,,,,,,,,,,
GGST,,,,,,,,,,,,,,
GHON,PT Gihon Telekomunikasi Indonesia Tbk,dt,2018,0.0,,0.0,2019-06-11T00:00:00,2019-06-12T00:00:00,2019-06-13T16:15:00,2019-06-27T00:00:00,0.0,0.0,IDR,7425000000.0
GIAA,,,,,,,,,,,,,,
GJTL,Gajah Tunggal Tbk,dt,2016,0.0,,0.0,2017-07-05T00:00:00,2017-07-06T00:00:00,2017-07-10T16:15:00,2017-07-21T00:00:00,0.0,0.0,IDR,17422043000.0
GLOB,Global Teleshop Tbk,dt,2012,0.0,,0.0,2013-05-27T00:00:00,2013-05-28T00:00:00,2013-05-30T23:59:00,2013-06-14T00:00:00,0.0,0.0,IDR,56666712000.0
GLVA,,,,,,,,,,,,,,
GMFI,PT Garuda Maintenance Facility Aero Asia Tbk.,dt,2018,0.0,,0.0,2019-03-19T00:00:00,2019-03-20T00:00:00,2019-03-21T16:00:00,2019-04-12T00:00:00,0.0,0.0,USD,6108972.0
GMTD,Gowa Makassar Tourism Development Tbk,dt,2018,0.0,,0.0,2019-03-21T00:00:00,2019-03-22T00:00:00,2019-03-25T16:00:00,2019-04-12T00:00:00,0.0,0.0,IDR,2030760000.0
GOLD,,,,,,,,,,,,,,
GOLL,,,,,,,,,,,,,,
GOOD,PT Garudafood Putra Putri Jaya Tbk.,dt,2019,0.0,IDR,28.0,2020-06-10T00:00:00,2020-06-11T00:00:00,2020-06-12T16:00:00,2020-06-25T00:00:00,0.0,0.0,,0.0
GPRA,Perdana Gapura Prima Tbk,dt,2017,0.0,IDR,1.0,2018-06-20T00:00:00,2018-06-21T00:00:00,2018-06-25T16:00:00,2018-07-06T00:00:00,0.0,0.0,IDR,4276655336.0
GREN,,,,,,,,,,,,,,
GRHA,,,,,,,,,,,,,,
GSMF,,,,,,,,,,,,,,
GTBO,,,,,,,,,,,,,,
GWSA,,,,,,,,,,,,,,
GZCO,Gozco Plantations Tbk,Tunai Final,2008,0.0,,0.0,2009-06-01T00:00:00,2009-06-02T00:00:00,1900-01-01T00:00:00,2009-06-18T00:00:00,0.0,0.0,,16250000000000.0
HADE,,,,,,,,,,,,,,
HDFA,Radana Bhaskara Finance Tbk,dt,2015,0.0,IDR,4.0,2016-04-27T00:00:00,2016-04-28T00:00:00,2016-05-02T16:00:00,2016-05-20T00:00:00,0.0,0.0,IDR,8153841210.0
HDIT,,,,,,,,,,,,,,
HDTX,,,,,,,,,,,,,,
HEAL,PT Medikaloka Hermina Tbk.,dt,2019,0.0,IDR,12.0,2020-06-11T00:00:00,2020-06-12T00:00:00,2020-06-15T15:15:00,2020-07-03T00:00:00,0.0,0.0,,0.0
HELI,,,,,,,,,,,,,,
HERO,,,,,,,,,,,,,,
HEXA,Hexindo Adiperkasa Tbk,dt,2019,0.0,USD,0.0,2020-09-28T00:00:00,2020-09-29T00:00:00,2020-09-30T16:00:00,2020-10-22T00:00:00,0.0,0.0,USD,30749445.0
HITS,Humpuss Intermoda Transportasi Tbk,dt,2018,0.0,,0.0,2019-04-12T00:00:00,2019-04-15T00:00:00,2019-04-16T16:00:00,2019-05-03T00:00:00,0.0,0.0,IDR,20512771278.0
HKMU,,,,,,,,,,,,,,
HMSP,HM Sampoerna Tbk,dt,2018,0.0,,0.0,2019-05-17T00:00:00,2019-05-20T00:00:00,2019-05-21T16:00:00,2019-05-29T00:00:00,0.0,0.0,IDR,13632478612680.0
HOKI,PT Buyung Poetra Sembada Tbk.,dt,2019,0.0,IDR,12.0,2020-07-08T00:00:00,2020-07-09T00:00:00,2020-07-10T16:00:00,2020-07-30T00:00:00,0.0,0.0,,0.0
HOME,,,,,,,,,,,,,,
HOMI,,,,,,,,,,,,,,
HOTL,,,,,,,,,,,,,,
HRME,,,,,,,,,,,,,,
HRTA,PT Hartadinata Abadi Tbk,dt,2019,0.0,IDR,8.0,2020-08-25T00:00:00,2020-08-26T00:00:00,2020-08-27T16:00:00,2020-09-11T00:00:00,0.0,0.0,IDR,36842099200.0
HRUM,Harum Energy Tbk,dt,2018,0.0,,0.0,2019-05-24T00:00:00,2019-05-27T00:00:00,2019-05-28T16:15:00,2019-06-19T00:00:00,0.0,0.0,IDR,100000000000.0
IATA,,,,,,,,,,,,,,
IBFN,,,,,,,,,,,,,,
IBST,,,,,,,,,,,,,,
ICBP,Indofood CBP Sukses Makmur Tbk,dt,2019,0.0,,0.0,2020-07-23T00:00:00,2020-07-24T00:00:00,2020-07-27T16:00:00,2020-08-12T00:00:00,0.0,0.0,IDR,2507310220000.0
ICON,Island Concepts Indonesia Tbk,dt,2014,0.0,,0.0,2015-06-15T00:00:00,2015-06-16T00:00:00,2015-06-18T16:00:00,2015-07-10T00:00:00,0.0,0.0,IDR,272437500.0
IDPR,PT Indonesia Pondasi Raya Tbk.,dt,2018,0.0,IDR,10.0,2019-05-27T00:00:00,2019-05-28T00:00:00,2019-05-29T16:15:00,2019-06-14T00:00:00,0.0,0.0,IDR,20030000000.0
IFII,PT Indonesia Fibreboard Industry Tbk,dt,2019,0.0,IDR,2.0,2020-08-10T00:00:00,2020-08-11T00:00:00,2020-08-12T16:00:00,2020-09-02T00:00:00,0.0,0.0,IDR,18824000000.0
IFSH,,,,,,,,,,,,,,
IGAR,Champion Pacific Indonesia Tbk,dt,2019,0.0,IDR,5.0,2020-07-07T00:00:00,2020-07-08T00:00:00,2020-07-09T16:00:00,2020-07-30T00:00:00,0.0,0.0,IDR,4861022500.0
IIKP,,,,,,,,,,,,,,
IKAI,,,,,,,,,,,,,,
IKAN,,,,,,,,,,,,,,
IKBI,Sumi Indo Kabel Tbk,dt,2019,0.0,,0.0,2020-09-03T00:00:00,2020-09-04T00:00:00,2020-09-07T16:00:00,2020-09-25T00:00:00,0.0,0.0,IDR,13953600000.0
IMAS,Indomobil Sukses Internasional Tbk,dt,2019,0.0,IDR,5.0,2020-06-16T00:00:00,2020-06-17T00:00:00,2020-06-18T16:00:00,2020-07-09T00:00:00,0.0,0.0,IDR,13826392060.0
IMJS,PT Indomobil Multi Jasa Tbk.,dt,2018,0.0,IDR,1.0,2019-06-28T00:00:00,2019-07-01T00:00:00,2019-07-02T16:00:00,2019-07-24T00:00:00,0.0,0.0,IDR,5769550000.0
IMPC,PT Impack Pratama Industri Tbk,dt,2018,0.0,,0.0,2019-06-10T00:00:00,2019-06-11T00:00:00,2019-06-12T16:00:00,2019-06-20T00:00:00,0.0,0.0,IDR,48335000000.0
INAF,Indofarma Tbk,dt,2012,0.0,IDR,1.0,2013-05-02T00:00:00,2013-05-03T00:00:00,2013-05-07T16:00:00,2013-05-22T00:00:00,0.0,0.0,IDR,4238511498.0
INAI,Indal Aluminium Industry Tbk,dt,2019,0.0,IDR,25.0,2020-09-02T00:00:00,2020-09-03T00:00:00,2020-09-04T16:00:00,2020-09-25T00:00:00,0.0,0.0,IDR,15840000000.0
INCI,Intanwijaya Internasional Tbk,dt,2019,0.0,,0.0,2020-09-01T00:00:00,2020-09-02T00:00:00,2020-09-03T16:15:00,2020-09-22T00:00:00,0.0,0.0,IDR,3922424740.0
INCO,Vale Indonesia Tbk,dti,2014,0.0,USD,0.0,2014-11-28T00:00:00,2014-12-01T00:00:00,2014-12-03T16:15:00,1911-01-01T00:00:00,0.0,0.0,USD,100058931.0
INDF,Indofood Sukses Makmur Tbk,dt,2019,0.0,,0.0,2020-07-23T00:00:00,2020-07-24T00:00:00,2020-07-27T16:00:00,2020-08-14T00:00:00,0.0,0.0,IDR,2440958567000.0
INDO,,,,,,,,,,,,,,
INDR,Indorama Synthetics Tbk,Tunai Final,2011,0.0,,0.0,2012-07-27T00:00:00,2012-07-30T00:00:00,1900-01-01T00:00:00,2012-08-14T00:00:00,0.0,0.0,,2277806.0
INDS,Indospring Tbk,dt,2019,0.0,IDR,100.0,2020-07-23T00:00:00,2020-07-24T00:00:00,2020-07-27T16:00:00,2020-08-14T00:00:00,0.0,0.0,IDR,65624971000.0
INDX,,,,,,,,,,,,,,
INDY,Indika Energy Tbk,dt,2019,0.0,,0.0,2020-04-30T00:00:00,2020-05-04T00:00:00,2020-05-05T16:15:00,2020-05-20T00:00:00,0.0,0.0,USD,30000000.0
INKP,Indah Kiat Pulp & Paper Tbk,dti,2019,0.0,,0.0,2020-09-02T00:00:00,2020-09-03T00:00:00,2020-09-04T16:00:00,2020-09-25T00:00:00,0.0,0.0,IDR,0.0
INOV,PT Inocycle Technology Group Tbk.,dt,2019,0.0,,0.0,2020-08-31T00:00:00,2020-09-01T00:00:00,2020-09-02T16:00:00,2020-09-17T00:00:00,0.0,0.0,IDR,13561664250.0
INPC,,,,,,,,,,,,,,
INPP,Indonesian Paradise Property Tbk,dt,2019,0.0,,0.0,2020-06-15T00:00:00,2020-06-16T00:00:00,2020-06-17T16:00:00,2020-06-25T00:00:00,0.0,0.0,IDR,50318872794.0
INPS,,,,,,,,,,,,,,
INRU,,,,,,,,,,,,,,
INSA,,,,,,,,,,,,,,
INTA,Intraco Penta Tbk,Tunai Final,2009,0.0,,0.0,2010-06-02T00:00:00,2010-06-03T00:00:00,1900-01-01T00:00:00,2010-06-18T00:00:00,0.0,0.0,,12960175320.0
INTD,,,,,,,,,,,,,,
INTP,Indocement Tunggal Prakarsa Tbk,dt,2019,0.0,IDR,500.0,2020-08-06T00:00:00,2020-08-07T00:00:00,2020-08-10T16:00:00,2020-08-28T00:00:00,0.0,0.0,IDR,1840615849500.0
IPCC,PT Indonesia Kendaraan Terminal Tbk.,dti,2019,0.0,,0.0,2019-12-18T00:00:00,2019-12-19T00:00:00,2019-12-20T16:00:00,2020-01-10T00:00:00,0.0,0.0,IDR,63397353600.0
IPCM,PT Jasa Armada Indonesia Tbk.,dt,2019,0.0,,0.0,2020-07-23T00:00:00,2020-07-24T00:00:00,2020-07-27T16:15:00,2020-08-14T00:00:00,0.0,0.0,IDR,51757916000.0
IPOL,Indopoly Swakarsa Industry Tbk,dt,2018,0.0,,0.0,2019-05-23T00:00:00,2019-05-24T00:00:00,2019-05-27T16:00:00,2019-06-14T00:00:00,0.0,0.0,IDR,19330138527.0
IPTV,,,,,,,,,,,,,,
IRRA,PT Itama Ranoraya Tbk.,dt,2019,0.0,IDR,6.0,2020-04-08T00:00:00,2020-04-09T00:00:00,2020-04-13T16:00:00,2020-04-30T00:00:00,0.0,0.0,IDR,9600000000.0
ISAT,PT Indosat Tbk,dt,2017,0.0,IDR,73.0,2018-05-17T00:00:00,2018-05-18T00:00:00,2018-05-22T16:00:00,2018-06-08T00:00:00,0.0,0.0,IDR,396677145500.0
ISSP,PT Steel Pipe Industry of Indonesia Tbk,dt,2016,0.0,IDR,2.0,2017-06-22T00:00:00,2017-07-03T00:00:00,2017-07-05T16:00:00,2017-07-19T00:00:00,0.0,0.0,IDR,10607885902.0
ITIC,,,,,,,,,,,,,,
ITMA,SUMBER ENERGI ANDALAN Tbk,dt,2016,0.0,IDR,0.0,2017-08-21T00:00:00,2017-08-22T00:00:00,2017-08-24T16:00:00,2017-09-13T00:00:00,0.0,0.0,IDR,13340000000.0
ITMG,Indo Tambangraya Megah Tbk,dt,2019,0.0,IDR,570.0,2020-06-05T00:00:00,2020-06-08T00:00:00,2020-06-09T16:15:00,2020-06-23T00:00:00,0.0,0.0,,0.0
JAST,,,,,,,,,,,,,,
JAWA,Jaya Agra Wattie Tbk,dt,2014,0.0,IDR,1.0,2015-05-29T00:00:00,2015-06-01T00:00:00,2015-06-04T16:15:00,2015-06-25T00:00:00,0.0,0.0,IDR,5049801620.0
JAYA,PT Armada Berjaya Trans Tbk.,dt,2019,0.0,,0.0,2020-09-04T00:00:00,2020-09-07T00:00:00,2020-09-08T16:00:00,2020-09-30T00:00:00,0.0,0.0,IDR,375000105.0
JECC,Jembo Cable Company Tbk,dt,2018,0.0,,0.0,2019-07-04T00:00:00,2019-07-05T00:00:00,2019-07-08T16:00:00,2019-07-26T00:00:00,0.0,0.0,IDR,45360000000.0
JGLE,,,,,,,,,,,,,,
JIHD,,,,,,,,,,,,,,
JKON,Jaya Konstruksi Manggala Pratama Tbk,dt,2019,0.0,,0.0,2020-07-24T00:00:00,2020-07-27T00:00:00,2020-07-28T16:00:00,2020-08-19T00:00:00,0.0,0.0,IDR,39140447664.0
JKSW,,,,,,,,,,,,,,
JMAS,,,,,,,,,,,,,,
JPFA,JAPFA Comfeed Indonesia Tbk,dt,2018,0.0,IDR,100.0,2019-04-11T00:00:00,2019-04-12T00:00:00,2019-04-15T16:00:00,2019-04-30T00:00:00,0.0,0.0,IDR,1171819560100.0
JRPT,Jaya Real Property Tbk,dt,2018,0.0,IDR,330000000000.0,2019-06-17T00:00:00,2019-06-18T00:00:00,2019-06-19T16:00:00,2019-07-05T00:00:00,0.0,0.0,IDR,330000000000.0
JSKY,,,,,,,,,,,,,,
JSMR,Jasa Marga Tbk,dt,2019,0.0,,0.0,2020-06-19T00:00:00,2020-06-22T00:00:00,2020-06-23T16:00:00,2020-07-10T00:00:00,0.0,0.0,IDR,110355881865.0
JSPT,Jakarta Setiabudi Internasional Tbk,dt,2019,0.0,,0.0,2020-08-31T00:00:00,2020-09-01T00:00:00,2020-09-02T16:00:00,2020-09-24T00:00:00,0.0,0.0,,0.0
JTPE,Jasuindo Tiga Perkasa Tbk,dt,2019,0.0,IDR,30.0,2020-09-02T00:00:00,2020-09-03T00:00:00,2020-09-04T15:00:00,2020-09-24T00:00:00,0.0,0.0,IDR,51390375000.0
KAEF,Kimia Farma (Persero) Tbk,dt,2018,0.0,,0.0,2019-05-15T00:00:00,2019-05-16T00:00:00,2019-05-17T16:00:00,2019-05-28T00:00:00,0.0,0.0,IDR,83198920000.0
KARW,,,,,,,,,,,,,,
KAYU,,,,,,,,,,,,,,
KBAG,,,,,,,,,,,,,,
KBLI,KMI Wire and Cable Tbk,dt,2018,0.0,,0.0,2019-06-27T00:00:00,2019-06-28T00:00:00,2019-07-01T16:00:00,2019-07-19T00:00:00,0.0,0.0,IDR,32057880856.0
KBLM,Kabelindo Murni Tbk,dt,2019,0.0,,0.0,2020-06-18T00:00:00,2020-06-19T00:00:00,2020-06-22T16:15:00,2020-07-09T00:00:00,0.0,0.0,IDR,11200000000.0
KBLV,,,,,,,,,,,,,,
KBRI,,,,,,,,,,,,,,
KDSI,,,,,,,,,,,,,,
KEEN,PT Kencana Energi Lestari Tbk. ,dt,2019,0.0,,0.0,2020-08-07T00:00:00,2020-08-10T00:00:00,2020-08-11T16:15:00,2020-09-02T00:00:00,0.0,0.0,USD,729651.0
KEJU,PT Mulia Boga Raya Tbk,dt,2019,0.0,,0.0,2020-07-21T00:00:00,2020-07-22T00:00:00,2020-07-23T16:00:00,2020-07-28T00:00:00,0.0,0.0,IDR,120000000000.0
KIAS,Keramika Indonesia Assosiasi Tbk,dt,2014,0.0,,0.0,2015-07-03T00:00:00,2015-07-06T00:00:00,2015-07-08T16:00:00,2015-07-30T00:00:00,0.0,0.0,IDR,23140105000.0
KICI,,,,,,,,,,,,,,
KIJA,,,,,,,,,,,,,,
KINO,PT Kino Indonesia Tbk,dt,2019,0.0,IDR,83.0,2020-05-20T00:00:00,2020-05-26T00:00:00,2020-05-27T16:00:00,2020-06-12T00:00:00,0.0,0.0,,0.0
KIOS,,,,,,,,,,,,,,
KJEN,,,,,,,,,,,,,,
KKGI,Resource Alam Indonesia Tbk,dt,2019,0.0,,0.0,2020-09-03T00:00:00,2020-09-04T00:00:00,2020-09-07T16:00:00,2020-09-25T00:00:00,0.0,0.0,IDR,17835120317.0
KLBF,Kalbe Farma Tbk,dt,2019,0.0,,0.0,2020-05-29T00:00:00,2020-06-02T00:00:00,2020-06-03T16:00:00,2020-06-19T00:00:00,0.0,0.0,IDR,937502422200.0
KMDS,,,,,,,,,,,,,,
KMTR,PT Kirana Megatara Tbk.,dt,2017,0.0,,0.0,2018-07-05T00:00:00,2018-07-06T00:00:00,2018-07-10T16:00:00,2018-07-18T00:00:00,0.0,0.0,IDR,132684546500.0
KOBX,Kobexindo Tractors Tbk,dt,2012,0.0,IDR,5.0,2013-10-22T00:00:00,2013-10-23T00:00:00,2013-10-25T16:00:00,2013-11-11T00:00:00,0.0,0.0,,0.0
KOIN,,,,,,,,,,,,,,
KONI,,,,,,,,,,,,,,
KOPI,,,,,,,,,,,,,,
KOTA,,,,,,,,,,,,,,
KPAL,,,,,,,,,,,,,,
KPAS,,,,,,,,,,,,,,
KPIG,,,,,,,,,,,,,,
KRAH,,,,,,,,,,,,,,
KRAS,Krakatau Steel (Persero) Tbk,Tunai Final,2010,0.0,,0.0,2011-06-27T00:00:00,2011-06-28T00:00:00,1900-01-01T00:00:00,2011-07-15T00:00:00,0.0,0.0,,94650000000.0
KREN,Kresna Graha Sekurindo Tbk,dt,2013,0.0,IDR,0.0,2014-06-26T00:00:00,2014-06-27T00:00:00,2014-07-01T16:15:00,2014-07-15T00:00:00,0.0,0.0,IDR,1638863852.0
LAND,,,,,,,,,,,,,,
LAPD,,,,,,,,,,,,,,
LCGP,Laguna Cipta Griya Tbk,Tunai Final,2007,0.0,,0.0,2008-08-22T00:00:00,2008-08-25T00:00:00,1900-01-01T00:00:00,2008-09-10T00:00:00,0.0,0.0,,703750000.0
LCKM,PT LCK Global Kedaton Tbk,dt,2019,0.0,IDR,1.0,2020-09-02T00:00:00,2020-09-03T00:00:00,2020-09-04T16:00:00,2020-09-25T00:00:00,0.0,0.0,IDR,500000000.0
LEAD,PT Logindo Samudramakmur Tbk.,dt,2014,0.0,,0.0,2015-04-07T00:00:00,2015-04-08T00:00:00,2015-04-10T16:00:00,2015-04-30T00:00:00,0.0,0.0,IDR,25770285720.0
LIFE,,,,,,,,,,,,,,
LINK,PT Link Net Tbk.,dt,2018,0.0,,0.0,2019-05-07T00:00:00,2019-05-08T00:00:00,2019-05-09T16:15:00,2019-05-29T00:00:00,0.0,0.0,IDR,673863259191.0
LION,Lion Metal Works Tbk,dt,2018,0.0,,0.0,2019-07-02T00:00:00,2019-07-03T00:00:00,2019-07-04T16:00:00,2019-07-23T00:00:00,0.0,0.0,IDR,5201600000.0
LMAS,,,,,,,,,,,,,,
LMPI,,,,,,,,,,,,,,
LMSH,Lionmesh Prima Tbk,dt,2018,0.0,,0.0,2019-07-02T00:00:00,2019-07-03T00:00:00,2019-07-04T16:00:00,2019-07-23T00:00:00,0.0,0.0,IDR,480000000.0
LPCK,,,,,,,,,,,,,,
LPGI,Lippo General Insurance Tbk,dt,2019,0.0,IDR,214.0,2020-08-18T00:00:00,2020-08-19T00:00:00,2020-08-24T16:00:00,2020-09-09T00:00:00,0.0,0.0,IDR,32100000000.0
LPIN,,,,,,,,,,,,,,
LPKR,Lippo Karawaci Tbk,dt,2017,0.0,,0.0,2018-06-21T00:00:00,2018-06-22T00:00:00,2018-06-26T16:00:00,2018-07-06T00:00:00,0.0,0.0,IDR,61484000000.0
LPLI,,,,,,,,,,,,,,
LPPF,Matahari Department Store Tbk,dt,2018,0.0,,0.0,2019-05-07T00:00:00,2019-05-08T00:00:00,2019-05-09T16:00:00,2019-05-29T00:00:00,0.0,0.0,IDR,933600019707.0
LPPS,,,,,,,,,,,,,,
LRNA,,,,,,,,,,,,,,
LSIP,PP London Sumatra Indonesia Tbk,dt,2019,0.0,IDR,15.0,2020-07-24T00:00:00,2020-07-27T00:00:00,2020-07-28T16:00:00,2020-08-12T00:00:00,0.0,0.0,IDR,102299000000.0
LTLS,PT Lautan Luas Tbk,dt,2019,0.0,IDR,35.0,2020-06-12T00:00:00,2020-06-15T00:00:00,2020-06-16T16:00:00,2020-06-26T00:00:00,0.0,0.0,IDR,53671117600.0
LUCK,PT Sentral Mitra Informatika Tbk.,dt,2019,0.0,,0.0,2020-05-15T00:00:00,2020-05-18T00:00:00,2020-05-19T16:00:00,2020-06-10T00:00:00,0.0,0.0,IDR,3578748200.0
MABA,,,,,,,,,,,,,,
MAGP,,,,,,,,,,,,,,
MAIN,Malindo Feedmill Tbk,dt,2018,0.0,IDR,22.0,2019-06-28T00:00:00,2019-07-01T00:00:00,2019-07-02T16:00:00,2019-07-19T00:00:00,0.0,0.0,IDR,49252500000.0
MAMI,,,,,,,,,,,,,,
MAPA,,,,,,,,,,,,,,
MAPB,,,,,,,,,,,,,,
MAPI,Mitra Adiperkasa Tbk,dt,2018,0.0,IDR,10.0,2019-05-24T00:00:00,2019-05-27T00:00:00,2019-05-28T16:00:00,2019-06-19T00:00:00,0.0,0.0,IDR,165396134000.0
MARI,PT Mahaka Radio Integra Tbk.,dt,2018,0.0,,0.0,2019-06-27T00:00:00,2019-06-28T00:00:00,2019-07-01T16:00:00,2019-07-19T00:00:00,0.0,0.0,IDR,7091069400.0
MARK,PT Mark Dynamics Indonesia Tbk.,dt,2019,0.0,IDR,7.0,2020-08-24T00:00:00,2020-08-25T00:00:00,2020-08-26T16:00:00,2020-09-11T00:00:00,0.0,0.0,IDR,26600002170.0
MASA,Multistrada Arah Sarana Tbk,dt,2014,0.0,,0.0,2015-06-23T00:00:00,2015-06-24T00:00:00,2015-06-26T16:00:00,2015-07-10T00:00:00,0.0,0.0,IDR,18365893890.0
MAYA,PT Bank Mayapada Internasional Tbk,dti,2018,0.0,IDR,35.0,2018-11-16T00:00:00,2018-11-19T00:00:00,2018-11-22T16:00:00,2018-12-13T00:00:00,0.0,0.0,,0.0
MBAP,PT Mitrabara Adiperdana Tbk,dti,2020,0.0,IDR,358.0,2020-08-24T00:00:00,2020-08-25T00:00:00,2020-08-26T16:00:00,2020-08-31T00:00:00,0.0,0.0,IDR,439363358816.0
MBSS,Mitrabahtera Segara Sejati Tbk,dt,2014,0.0,USD,0.0,2015-04-30T00:00:00,2015-05-04T00:00:00,2015-05-06T16:00:00,2015-05-27T00:00:00,0.0,0.0,,0.0
MBTO,Martina Berto Tbk,Tunai Final,2010,0.0,,0.0,2011-07-05T00:00:00,2011-07-06T00:00:00,1900-01-01T00:00:00,2011-07-22T00:00:00,0.0,0.0,,10700000000.0
MCAS,,,,,,,,,,,,,,
MCOR,,,,,,,,,,,,,,
MDIA,PT Intermedia Capital Tbk.,dt,2016,0.0,IDR,26.0,2017-06-02T00:00:00,2017-06-05T00:00:00,2017-06-07T23:59:00,2017-06-22T00:00:00,0.0,0.0,IDR,101960399840.0
MDKA,,,,,,,,,,,,,,
MDKI,PT Emdeki Utama Tbk,dt,2019,0.0,,0.0,2020-04-29T00:00:00,2020-04-30T00:00:00,2020-05-04T16:00:00,2020-05-20T00:00:00,0.0,0.0,IDR,22771350018.0
MDLN,PT Modernland Realty Tbk.,dt,2017,0.0,,0.0,2018-06-05T00:00:00,2018-06-06T00:00:00,2018-06-08T16:00:00,2018-06-27T00:00:00,0.0,0.0,IDR,150396807864.0
MDRN,Modern Internasional Tbk,dt,2013,0.0,,0.0,2014-08-04T00:00:00,2014-08-05T00:00:00,2014-08-07T16:00:00,2014-08-21T00:00:00,0.0,0.0,IDR,8317632726.0
MEDC,Medco Energi Internasional Tbk,dt,2014,0.0,,0.0,2015-04-27T00:00:00,2015-04-28T00:00:00,2015-04-30T16:00:00,2015-05-22T00:00:00,0.0,0.0,USD,4045475.0
MEGA,Bank Mega Tbk,dt,2019,0.0,,0.0,2020-03-16T00:00:00,2020-03-17T00:00:00,2020-03-18T16:00:00,2020-04-09T00:00:00,0.0,0.0,IDR,1001350000000.0
MERK,Merck Tbk,dt,2019,0.0,IDR,130.0,2020-08-07T00:00:00,2020-08-10T00:00:00,2020-08-11T16:00:00,2020-08-24T00:00:00,0.0,0.0,IDR,58240000000.0
META,Nusantara Infrastructure Tbk,dt,2017,0.0,IDR,3.0,2018-06-04T00:00:00,2018-06-05T00:00:00,2018-06-07T16:00:00,2018-06-27T00:00:00,0.0,0.0,,0.0
MFIN,PT Mandala Multifinance Tbk.,dt,2019,0.0,,0.0,2020-08-27T00:00:00,2020-08-28T00:00:00,2020-08-31T16:00:00,2020-09-18T00:00:00,0.0,0.0,IDR,79500000000.0
MFMI,Multifiling Mitra Indonesia Tbk,dt,2019,0.0,IDR,132.0,2020-04-17T00:00:00,2020-04-20T00:00:00,2020-04-21T16:15:00,2020-05-13T00:00:00,0.0,0.0,IDR,100000692000.0
MGNA,,,,,,,,,,,,,,
MGRO,PT Mahkota Group Tbk.,dt,2019,0.0,IDR,1.0,2020-08-05T00:00:00,2020-08-06T00:00:00,2020-08-07T16:00:00,2020-08-27T00:00:00,0.0,0.0,IDR,3554445700.0
MICE,Multi Indocitra Tbk,dt,2019,0.0,,0.0,2020-08-27T00:00:00,2020-08-28T00:00:00,2020-08-31T16:00:00,2020-09-18T00:00:00,0.0,0.0,IDR,3000000000.0
MIDI,Midi Utama Indonesia Tbk,dt,2019,0.0,,0.0,2020-05-27T00:00:00,2020-05-28T00:00:00,2020-05-29T16:00:00,2020-06-17T00:00:00,0.0,0.0,IDR,61105883600.0
MIKA,PT Mitra Keluarga Karyasehat Tbk.,dt,2019,0.0,,0.0,2020-07-02T00:00:00,2020-07-03T00:00:00,2020-07-06T16:00:00,2020-07-24T00:00:00,0.0,0.0,IDR,299173339500.0
MINA,,,,,,,,,,,,,,
MIRA,,,,,,,,,,,,,,
MITI,Mitra Investindo Tbk,dt,2012,0.0,IDR,2.0,2013-06-14T00:00:00,2013-06-17T00:00:00,2013-06-19T16:00:00,2013-07-03T00:00:00,0.0,0.0,IDR,5132912000.0
MKNT,,,,,,,,,,,,,,
MKPI,Metropolitan Kentjana Tbk,dt,2019,0.0,IDR,158.0,2020-08-31T00:00:00,2020-09-01T00:00:00,2020-09-02T16:00:00,2020-09-23T00:00:00,0.0,0.0,IDR,150004290800.0
MLBI,Multi Bintang Indonesia Tbk,dti,2019,0.0,IDR,47.0,2019-11-08T00:00:00,2019-11-11T00:00:00,2019-11-12T16:00:00,2019-11-27T00:00:00,0.0,0.0,,0.0
MLIA,,,,,,,,,,,,,,
MLPL,Multipolar Tbk,dt,2016,0.0,,0.0,2017-05-09T00:00:00,2017-05-10T00:00:00,2017-05-15T16:00:00,2017-06-02T00:00:00,0.0,0.0,IDR,24155393575.0
MLPT,PT Multipolar Technology Tbk.,dt,2019,0.0,,0.0,2020-06-10T00:00:00,2020-06-11T00:00:00,2020-06-12T16:00:00,2020-06-22T00:00:00,0.0,0.0,IDR,249375000000.0
MMLP,,,,,,,,,,,,,,
MNCN,Media Nusantara Citra Tbk,dt,2018,0.0,IDR,15.0,2019-07-02T00:00:00,2019-07-03T00:00:00,2019-07-04T16:15:00,2019-07-26T00:00:00,0.0,0.0,IDR,214141552500.0
MOLI,PT Madusari Murni Indah Tbk.,dt,2019,0.0,,0.0,2020-08-25T00:00:00,2020-08-26T00:00:00,2020-08-27T16:00:00,2020-09-10T00:00:00,0.0,0.0,IDR,13425608864.0
MPMX,PT Mitra Pinasthika Mustika Tbk.,dt,2019,0.0,,0.0,2020-05-29T00:00:00,2020-06-02T00:00:00,2020-06-03T16:15:00,2020-06-17T00:00:00,0.0,0.0,,0.0
MPOW,,,,,,,,,,,,,,
MPPA,Matahari Putra Prima Tbk,dt,2015,0.0,,0.0,2016-04-20T00:00:00,2016-04-21T00:00:00,2016-04-25T16:00:00,2016-05-13T00:00:00,0.0,0.0,IDR,139827031800.0
MPRO,,,,,,,,,,,,,,
MRAT,Mustika Ratu Tbk,Tunai Final,2009,0.0,,0.0,2010-07-01T00:00:00,2010-07-02T00:00:00,1900-01-01T00:00:00,2010-07-20T00:00:00,0.0,0.0,,4203369344.0
MREI,Maskapai Reasuransi Indonesia Tbk,dt,2019,0.0,,0.0,2020-08-25T00:00:00,2020-08-26T00:00:00,2020-08-27T16:00:00,2020-09-11T00:00:00,0.0,0.0,IDR,25889584050.0
MSIN,PT MNC Studios International Tbk.,dt,2018,0.0,,0.0,2019-07-02T00:00:00,2019-07-03T00:00:00,2019-07-04T16:00:00,2019-07-24T00:00:00,0.0,0.0,IDR,109242000000.0
MSKY,MNC Sky Vision Tbk,dt,2012,0.0,IDR,4.0,2013-12-16T00:00:00,2013-12-17T00:00:00,2013-12-19T16:00:00,2013-12-30T00:00:00,0.0,0.0,IDR,28647008878.0
MTDL,Metrodata Electronics Tbk,dt,2019,0.0,IDR,33.0,2020-07-06T00:00:00,2020-07-07T00:00:00,2020-07-08T16:15:00,2020-07-30T00:00:00,0.0,0.0,IDR,81027438261.0
MTFN,,,,,,,,,,,,,,
MTLA,Metropolitan Land Tbk,dt,2019,0.0,,0.0,2020-08-14T00:00:00,2020-08-18T00:00:00,2020-08-19T16:00:00,2020-09-09T00:00:00,0.0,0.0,IDR,48227295879.0
MTPS,,,,,,,,,,,,,,
MTRA,,,,,,,,,,,,,,
MTSM,Metro Realty Tbk,dt,2012,0.0,,0.0,2013-08-20T00:00:00,2013-08-21T00:00:00,2013-08-23T16:00:00,2013-09-04T00:00:00,0.0,0.0,IDR,698544000.0
MTWI,,,,,,,,,,,,,,
MYOH,Samindo Resources Tbk,dt,2019,0.0,USD,0.0,2020-06-22T00:00:00,2020-06-23T00:00:00,2020-06-24T16:00:00,2020-07-16T00:00:00,0.0,0.0,USD,15002925.0
MYOR,Mayora Indah Tbk,dt,2019,0.0,IDR,30.0,2020-07-06T00:00:00,2020-07-07T00:00:00,2020-07-08T16:00:00,2020-07-30T00:00:00,0.0,0.0,IDR,670760991750.0
MYRX,,,,,,,,,,,,,,
MYTX,,,,,,,,,,,,,,
NASA,,,,,,,,,,,,,,
NATO,,,,,,,,,,,,,,
NELY,Pelayaran Nelly Dwi Putri Tbk,dt,2019,0.0,,0.0,2020-07-02T00:00:00,2020-07-03T00:00:00,2020-07-06T16:15:00,2020-07-24T00:00:00,0.0,0.0,IDR,8225000000.0
NFCX,,,,,,,,,,,,,,
NICK,,,,,,,,,,,,,,
NIKL,Pelat Timah Nusantara Tbk,dt,2013,0.0,USD,0.0,2014-04-29T00:00:00,2014-04-30T00:00:00,2014-05-05T16:00:00,2014-05-16T00:00:00,0.0,0.0,USD,105479.0
NIPS,,,,,,,,,,,,,,
NIRO,,,,,,,,,,,,,,
NISP,,,,,,,,,,,,,,
NOBU,,,,,,,,,,,,,,
NRCA,PT Nusa Raya Cipta Tbk.,dt,2019,0.0,,0.0,2020-07-16T00:00:00,2020-07-17T00:00:00,2020-07-20T16:00:00,2020-08-04T00:00:00,0.0,0.0,IDR,60426958600.0
NUSA,,,,,,,,,,,,,,
NZIA,,,,,,,,,,,,,,
OASA,,,,,,,,,,,,,,
OCAP,,,,,,,,,,,,,,
OKAS,Ancora Indonesia Resources Tbk,Saham Bonus,2008,522316666.0,,0.0,2009-12-23T00:00:00,2009-12-28T00:00:00,1900-01-01T00:00:00,2010-01-15T00:00:00,0.0,0.0,,0.0
OMRE,,,,,,,,,,,,,,
OPMS,,,,,,,,,,,,,,
PADI,Minna Padi Investama Tbk,dt,2014,0.0,IDR,1.0,2015-06-12T00:00:00,2015-06-15T00:00:00,2015-06-17T16:15:00,2015-07-03T00:00:00,0.0,0.0,IDR,2544130468.0
PALM,Provident Agro Tbk,dt,2018,0.0,,0.0,2019-07-04T00:00:00,2019-07-05T00:00:00,2019-07-08T16:00:00,2019-07-22T00:00:00,0.0,0.0,IDR,17689595890.0
PAMG,,,,,,,,,,,,,,
PANI,,,,,,,,,,,,,,
PANR,Panorama Sentrawisata Tbk,dt,2015,0.0,IDR,4.0,2016-06-30T00:00:00,2016-07-01T00:00:00,2016-07-12T16:00:00,2016-07-22T00:00:00,0.0,0.0,IDR,4896000000.0
PANS,Panin Sekuritas Tbk,dt,2019,0.0,IDR,100.0,2020-07-07T00:00:00,2020-07-08T00:00:00,2020-07-09T16:15:00,2020-07-23T00:00:00,0.0,0.0,,0.0
PBID,PT Panca Budi Idaman Tbk,dt,2019,0.0,IDR,59.0,2020-06-12T00:00:00,2020-06-15T00:00:00,2020-06-16T16:00:00,2020-07-02T00:00:00,0.0,0.0,IDR,110625000000.0
PBRX,Pan Brothers Tbk,dt,2018,0.0,IDR,2.0,2019-07-04T00:00:00,2019-07-05T00:00:00,2019-07-08T16:00:00,2019-07-26T00:00:00,0.0,0.0,IDR,12956591222.0
PBSA,PT Paramita Bangun Sarana Tbk,dt,2019,0.0,IDR,33.0,2020-08-04T00:00:00,2020-08-05T00:00:00,2020-08-06T16:15:00,2020-08-27T00:00:00,0.0,0.0,IDR,49500000000.0
PCAR,,,,,,,,,,,,,,
PDES,Destinasi Tirta Nusantara Tbk,dt,2016,0.0,IDR,35.0,2017-06-19T00:00:00,2017-06-20T00:00:00,2017-06-22T16:00:00,2017-07-14T00:00:00,0.0,0.0,IDR,25239500000.0
PEGE,PT Panca Global Kapital Tbk.,dt,2019,0.0,IDR,6.0,2020-08-18T00:00:00,2020-08-19T00:00:00,2020-08-24T16:15:00,2020-09-10T00:00:00,0.0,0.0,IDR,17000502336.0
PEHA,PT Phapros Tbk.,dt,2018,0.0,,0.0,2019-03-22T00:00:00,2019-03-25T00:00:00,2019-03-26T16:00:00,2019-04-16T00:00:00,0.0,0.0,IDR,92614695531.0
PGAS,PT Perusahaan Gas Negara Tbk.,dt,2019,0.0,,0.0,2020-05-28T00:00:00,2020-05-29T00:00:00,2020-06-02T16:00:00,2020-06-18T00:00:00,0.0,0.0,IDR,1007477080626.0
PGJO,,,,,,,,,,,,,,
PGLI,Pembangunan Graha Lestari Tbk,dti,2019,0.0,IDR,1.0,2020-08-05T00:00:00,2020-08-06T00:00:00,2020-08-07T16:00:00,2020-08-26T00:00:00,0.0,0.0,IDR,488000000.0
PGUN,,,,,,,,,,,,,,
PICO,Pelangi Indah Canindo Tbk,dt,2018,0.0,IDR,5.0,2019-06-25T00:00:00,2019-06-26T00:00:00,2019-06-27T16:00:00,2019-07-19T00:00:00,0.0,0.0,IDR,2841875000.0
PJAA,Pembangunan Jaya Ancol Tbk,dt,2018,0.0,,0.0,2019-06-28T00:00:00,2019-07-01T00:00:00,2019-07-02T16:00:00,2019-07-24T00:00:00,0.0,0.0,IDR,84799999894.0
PKPK,Perdana Karya Perkasa Tbk,Tunai Final,2009,0.0,,0.0,2010-08-09T00:00:00,2010-08-10T00:00:00,1900-01-01T00:00:00,2010-08-27T00:00:00,0.0,0.0,,0.0
PLAN,,,,,,,,,,,,,,
PLAS,,,,,,,,,,,,,,
PLIN,Plaza Indonesia Realty Tbk,dt,2019,0.0,,0.0,2020-04-28T00:00:00,2020-04-29T00:00:00,2020-04-30T16:00:00,2020-05-11T00:00:00,0.0,0.0,IDR,350039619270.0
PMJS,,,,,,,,,,,,,,
PNBN,,,,,,,,,,,,,,
PNBS,,,,,,,,,,,,,,
PNGO,,,,,,,,,,,,,,
PNIN,Panin Insurance Tbk,dt,2012,0.0,USD,5.0,2013-07-23T00:00:00,2013-07-24T00:00:00,2013-07-26T16:00:00,2013-08-16T00:00:00,0.0,0.0,,0.0
PNLF,,,,,,,,,,,,,,
PNSE,Pudjiadi & Sons Tbk,dt,2017,0.0,,0.0,2018-05-16T00:00:00,2018-05-17T00:00:00,2018-05-21T16:00:00,2018-06-08T00:00:00,0.0,0.0,IDR,2393440488.0
POLA,,,,,,,,,,,,,,
POLI,,,,,,,,,,,,,,
POLL,,,,,,,,,,,,,,
POLU,,,,,,,,,,,,,,
POLY,,,,,,,,,,,,,,
POOL,Pool Advista Indonesia Tbk,dt,2014,0.0,,0.0,2015-06-23T00:00:00,2015-06-24T00:00:00,2015-06-26T16:00:00,2015-07-15T00:00:00,0.0,0.0,IDR,4499880080.0
PORT,,,,,,,,,,,,,,
POSA,,,,,,,,,,,,,,
POWR,PT Cikarang Listrindo Tbk.,dt,2019,0.0,,0.0,2020-07-27T00:00:00,2020-07-28T00:00:00,2020-07-29T16:15:00,2020-08-14T00:00:00,0.0,0.0,USD,44681448.0
PPGL,,,,,,,,,,,,,,
PPRE,PT PP Presisi Tbk.,dt,2017,0.0,IDR,6.0,2018-04-12T00:00:00,2018-04-13T00:00:00,2018-04-17T16:00:00,2018-05-09T00:00:00,0.0,0.0,IDR,56437975920.0
PPRO,PT PP Properti Tbk.,dt,2019,0.0,,0.0,2020-06-11T00:00:00,2020-06-12T00:00:00,2020-06-15T16:15:00,2020-07-03T00:00:00,0.0,0.0,,0.0
PRAS,,,,,,,,,,,,,,
PRDA,PT Prodia Widyahusada Tbk.,dt,2019,0.0,,0.0,2020-04-30T00:00:00,2020-05-04T00:00:00,2020-05-05T16:00:00,2020-05-18T00:00:00,0.0,0.0,,0.0
PRIM,,,,,,,,,,,,,,
PSAB,,,,,,,,,,,,,,
PSDN,,,,,,,,,,,,,,
PSGO,,,,,,,,,,,,,,
PSKT,Pusako Tarinka Tbk,Tunai Final,2010,0.0,,0.0,2011-12-13T00:00:00,2011-12-14T00:00:00,1900-01-01T00:00:00,2011-12-21T00:00:00,0.0,0.0,,123000000.0
PSSI,PT Pelita Samudera Shipping Tbk,dt,2019,0.0,,0.0,2020-06-11T00:00:00,2020-06-12T00:00:00,2020-06-15T16:00:00,2020-07-03T00:00:00,0.0,0.0,IDR,27085315765.0
PTBA,Bukit Asam Tbk,dt,2019,0.0,,0.0,2020-06-18T00:00:00,2020-06-19T00:00:00,2020-06-22T16:00:00,2020-07-10T00:00:00,0.0,0.0,IDR,3651199955694.0
PTIS,Indo Straits Tbk,dt,2013,0.0,IDR,8.0,2014-09-08T00:00:00,2014-09-09T00:00:00,2014-09-11T16:00:00,2014-09-25T00:00:00,0.0,0.0,IDR,4401322400.0
PTPP,PP (Persero) Tbk,dt,2019,0.0,,0.0,2020-06-12T00:00:00,2020-06-15T00:00:00,2020-06-16T16:15:00,2020-07-07T00:00:00,0.0,0.0,IDR,209322576195.0
PTPW,,,,,,,,,,,,,,
PTRO,Petrosea Tbk,dt,2019,0.0,,0.0,2020-04-21T00:00:00,2020-04-22T00:00:00,2020-04-23T16:00:00,2020-05-15T00:00:00,0.0,0.0,USD,7000000.0
PTSN,Sat Nusapersada Tbk,dt,2012,0.0,USD,0.0,2013-06-11T00:00:00,2013-06-12T00:00:00,2013-06-14T16:00:00,2013-06-28T00:00:00,0.0,0.0,USD,99201.0
PTSP,,,,,,,,,,,,,,
PUDP,Pudjiadi Prestige Tbk,dt,2019,0.0,IDR,1.0,2020-07-17T00:00:00,2020-07-20T00:00:00,2020-07-21T16:00:00,2020-08-07T00:00:00,0.0,0.0,IDR,329560000.0
PURA,,,,,,,,,,,,,,
PURE,,,,,,,,,,,,,,
PURI,,,,,,,,,,,,,,
PWON,Pakuwon Jati Tbk,dt,2018,0.0,IDR,7.0,2019-07-03T00:00:00,2019-07-04T00:00:00,2019-07-05T16:00:00,2019-07-26T00:00:00,0.0,0.0,IDR,337117216800.0
PYFA,Pyridam Farma Tbk,dt,2018,0.0,IDR,4.0,2019-05-29T00:00:00,2019-05-31T00:00:00,2019-06-10T16:15:00,2019-06-21T00:00:00,0.0,0.0,,0.0
PZZA,PT Sarimelati Kencana Tbk.,dt,2019,0.0,,0.0,2020-06-25T00:00:00,2020-06-26T00:00:00,2020-06-29T16:15:00,2020-07-16T00:00:00,0.0,0.0,IDR,90021656250.0
RAJA,Rukun Raharja Tbk,dt,2019,0.0,IDR,5.0,2020-06-16T00:00:00,2020-06-17T00:00:00,2020-06-18T16:00:00,2020-07-08T00:00:00,0.0,0.0,IDR,22107641475.0
RALS,Ramayana Lestari Sentosa Tbk,dt,2019,0.0,IDR,50.0,2020-08-27T00:00:00,2020-08-28T00:00:00,2020-08-31T16:15:00,2020-09-18T00:00:00,0.0,0.0,IDR,337124220000.0
RANC,Supra Boga Lestari Tbk,dt,2019,0.0,IDR,28.0,2020-08-04T00:00:00,2020-08-05T00:00:00,2020-08-06T16:00:00,2020-08-27T00:00:00,0.0,0.0,IDR,43805650000.0
RBMS,,,,,,,,,,,,,,
RDTX,Roda Vivatex Tbk,dt,2019,0.0,,0.0,2020-08-24T00:00:00,2020-08-25T00:00:00,2020-08-26T16:00:00,2020-09-09T00:00:00,0.0,0.0,IDR,24192000000.0
REAL,,,,,,,,,,,,,,
RELI,,,,,,,,,,,,,,
RICY,Ricky Putra Globalindo Tbk,dt,2018,0.0,,0.0,2019-06-27T00:00:00,2019-06-28T00:00:00,2019-07-01T16:00:00,2019-07-18T00:00:00,0.0,0.0,IDR,1925152530.0
RIGS,Rig Tenders Tbk,Tunai Interim,2009,0.0,,0.0,2009-12-07T00:00:00,2009-12-08T00:00:00,1900-01-01T00:00:00,2009-12-17T00:00:00,0.0,0.0,,12182600000.0
RIMO,,,,,,,,,,,,,,
RISE,,,,,,,,,,,,,,
RMBA,Bentoel International Investama Tbk,Tunai Final,2010,0.0,,0.0,2011-07-01T00:00:00,2011-07-04T00:00:00,1900-01-01T00:00:00,2011-07-20T00:00:00,0.0,0.0,,26.0
ROCK,,,,,,,,,,,,,,
RODA,,,,,,,,,,,,,,
RONY,,,,,,,,,,,,,,
ROTI,PT Nippon Indosari Corpindo Tbk,dt,2019,0.0,,0.0,2020-07-15T00:00:00,2020-07-16T00:00:00,2020-07-17T15:00:00,2020-07-27T00:00:00,0.0,0.0,,0.0
RUIS,Radiant Utama Interinsco Tbk,dt,2019,0.0,IDR,6.0,2020-08-14T00:00:00,2020-08-18T00:00:00,2020-08-19T16:00:00,2020-09-09T00:00:00,0.0,0.0,IDR,4620000000.0
SAFE,,,,,,,,,,,,,,
SAME,Sarana Meditama Metropolitan Tbk,dt,2017,0.0,IDR,2.0,2018-05-17T00:00:00,2018-05-18T00:00:00,2018-05-22T16:00:00,2018-06-07T00:00:00,0.0,0.0,IDR,10030000000.0
SAMF,PT Saraswanti Anugerah Makmur Tbk.,dt,2019,0.0,IDR,10.0,2020-07-06T00:00:00,2020-07-07T00:00:00,2020-07-08T16:00:00,2020-07-29T00:00:00,0.0,0.0,IDR,52787500000.0
SAPX,,,,,,,,,,,,,,
SATU,,,,,,,,,,,,,,
SBAT,,,,,,,,,,,,,,
SCCO,PT Supreme Cable Manufacturing & Commerce Tbk,dt,2019,0.0,IDR,500.0,2020-06-17T00:00:00,2020-06-18T00:00:00,2020-06-19T16:15:00,2020-07-08T00:00:00,0.0,0.0,,0.0
SCMA,Surya Citra Media Tbk,dti,2019,0.0,IDR,25.0,2019-12-05T00:00:00,2019-12-06T00:00:00,2019-12-09T16:00:00,2019-12-27T00:00:00,0.0,0.0,IDR,369219507525.0
SCNP,,,,,,,,,,,,,,
SCPI,,,,,,,,,,,,,,
SDMU,Sidomulyo Selaras Tbk,dt,2013,0.0,IDR,3.0,2014-05-20T00:00:00,2014-05-21T00:00:00,2014-05-23T16:00:00,2014-06-10T00:00:00,0.0,0.0,IDR,3128218907.0
SDPC,Millennium Pharmacon International Tbk,dt,2019,0.0,,0.0,2020-07-24T00:00:00,2020-07-27T00:00:00,2020-07-28T16:00:00,2020-08-14T00:00:00,0.0,0.0,IDR,1274000000.0
SDRA,PT Bank Woori Saudara Indonesia 1906 Tbk,dt,2019,0.0,IDR,13.0,2020-05-11T00:00:00,2020-05-12T00:00:00,2020-05-13T16:00:00,2020-05-18T00:00:00,0.0,0.0,IDR,85552041302.0
SFAN,,,,,,,,,,,,,,
SGER,,,,,,,,,,,,,,
SGRO,Sampoerna Agro Tbk,dt,2017,0.0,,0.0,2018-05-17T00:00:00,2018-05-18T00:00:00,2018-05-22T16:15:00,2018-06-07T00:00:00,0.0,0.0,IDR,127303540000.0
SHID,Hotel Sahid Jaya Tbk,dt,2012,0.0,,0.0,2013-12-16T00:00:00,2013-12-17T00:00:00,2013-12-19T16:00:00,2013-12-30T00:00:00,0.0,0.0,IDR,7499485325.0
SHIP,PT Sillo Maritime Perdana Tbk,dt,2019,0.0,,0.0,2020-07-30T00:00:00,2020-08-03T00:00:00,2020-08-04T16:00:00,2020-08-19T00:00:00,0.0,0.0,IDR,43516640000.0
SIDO,PT Industri Jamu Dan Farmasi Sido Muncul Tbk,dt,2019,0.0,IDR,27.0,2020-04-17T00:00:00,2020-04-20T00:00:00,2020-04-21T16:00:00,2020-05-05T00:00:00,0.0,0.0,IDR,401877744300.0
SILO,PT Siloam International Hospitals Tbk.,dt,2014,0.0,IDR,5.0,2015-05-26T00:00:00,2015-05-27T00:00:00,2015-05-29T16:00:00,2015-06-18T00:00:00,0.0,0.0,IDR,6000000000.0
SIMA,,,,,,,,,,,,,,
SIMP,Salim Ivomas Pratama Tbk,dt,2017,0.0,IDR,10.0,2018-06-07T00:00:00,2018-06-08T00:00:00,2018-06-21T16:00:00,2018-07-04T00:00:00,0.0,0.0,IDR,0.0
SINI,,,,,,,,,,,,,,
SIPD,Sierad Produce Tbk,Tunai Final,2010,0.0,,0.0,2011-10-26T00:00:00,2011-10-27T00:00:00,1900-01-01T00:00:00,2011-11-10T00:00:00,0.0,0.0,,9391108493.0
SKLT,Sekar Laut Tbk,dt,2019,0.0,IDR,15.0,2020-07-08T00:00:00,2020-07-09T00:00:00,2020-07-10T16:00:00,2020-07-24T00:00:00,0.0,0.0,IDR,9324996750.0
SKRN,PT Superkrane Mitra Utama Tbk,dt,2019,0.0,,0.0,2020-05-29T00:00:00,2020-06-02T00:00:00,2020-06-03T16:15:00,2020-06-11T00:00:00,0.0,0.0,IDR,90000000000.0
SKYB,,,,,,,,,,,,,,
SLIS,PT Gaya Abadi Sempurna Tbk,dt,2019,0.0,IDR,1.0,2020-08-10T00:00:00,2020-08-11T00:00:00,2020-08-12T16:00:00,2020-09-03T00:00:00,0.0,0.0,IDR,1500000000.0
SMAR,SMART Tbk,dt,2018,0.0,,0.0,2019-06-26T00:00:00,2019-06-27T00:00:00,2019-06-28T16:00:00,2019-07-12T00:00:00,0.0,0.0,IDR,2154145024500.0
SMBR,PT Semen Baturaja (Persero) Tbk,dt,2019,0.0,,0.0,2020-08-13T00:00:00,2020-08-14T00:00:00,2020-08-18T16:00:00,2020-09-04T00:00:00,0.0,0.0,IDR,6158815000.0
SMCB,PT Solusi Bangun Indonesia Tbk,dt,2019,0.0,,0.0,2020-07-17T00:00:00,2020-07-20T00:00:00,2020-07-21T16:00:00,2020-08-07T00:00:00,0.0,0.0,IDR,24952634952.0
SMDM,,,,,,,,,,,,,,
SMDR,Samudera Indonesia Tbk,dt,2019,0.0,IDR,8.0,2020-07-08T00:00:00,2020-07-09T00:00:00,2020-07-10T16:00:00,2020-07-30T00:00:00,0.0,0.0,IDR,26200960000.0
SMGR,Semen Indonesia (Persero) Tbk,dt,2019,0.0,,0.0,2020-06-29T00:00:00,2020-06-30T00:00:00,2020-07-01T16:15:00,2020-07-23T00:00:00,0.0,0.0,IDR,239215100000.0
SMKL,PT Satyamitra Kemas Lestari Tbk,dt,2019,0.0,,0.0,2020-08-28T00:00:00,2020-08-31T00:00:00,2020-09-01T16:00:00,2020-09-23T00:00:00,0.0,0.0,IDR,17000000025.0
SMMA,Sinar Mas Multiartha Tbk,dt,2017,0.0,IDR,1.0,2018-06-26T00:00:00,2018-06-27T00:00:00,2018-06-29T15:00:00,2018-07-06T00:00:00,0.0,0.0,,0.0
SMMT,,,,,,,,,,,,,,
SMRA,PT Summarecon Agung Tbk,dt,2018,0.0,,0.0,2019-06-28T00:00:00,2019-07-01T00:00:00,2019-07-02T16:00:00,2019-07-19T00:00:00,0.0,0.0,IDR,72133908400.0
SMRU,,,,,,,,,,,,,,
SMSM,Selamat Sempurna Tbk,dti,2020,0.0,,0.0,2020-09-04T00:00:00,2020-09-07T00:00:00,2020-09-08T16:00:00,2020-09-24T00:00:00,0.0,0.0,,0.0
SOCI,PT Soechi Lines Tbk. ,dt,2018,0.0,,0.0,2019-05-23T00:00:00,2019-05-24T00:00:00,2019-05-27T16:00:00,2019-06-12T00:00:00,0.0,0.0,IDR,14118000000.0
SOFA,,,,,,,,,,,,,,
SOHO,,,,,,,,,,,,,,
SONA,Sona Topas Tourism Industry Tbk,dt,2015,0.0,,0.0,2016-05-31T00:00:00,2016-06-01T00:00:00,2016-06-03T16:00:00,2016-06-24T00:00:00,0.0,0.0,IDR,105984000000.0
SOSS,,,,,,,,,,,,,,
SOTS,,,,,,,,,,,,,,
SPMA,Suparma Tbk,Tunai Final,2011,0.0,,0.0,2012-06-20T00:00:00,2012-06-21T00:00:00,1900-01-01T00:00:00,2012-07-09T00:00:00,0.0,0.0,,11936373264.0
SPOT,,,,,,,,,,,,,,
SPTO,PT Surya Pertiwi Tbk,dt,2019,0.0,IDR,40.0,2020-06-22T00:00:00,2020-06-23T00:00:00,2020-06-24T16:15:00,2020-07-06T00:00:00,0.0,0.0,IDR,108000000000.0
SQMI,,,,,,,,,,,,,,
SRAJ,,,,,,,,,,,,,,
SRIL,PT Sri Rejeki Isman Tbk,dt,2019,0.0,,0.0,2020-07-15T00:00:00,2020-07-16T00:00:00,2020-07-17T16:00:00,2020-08-07T00:00:00,0.0,0.0,USD,1471274.0
SRSN,Indo Acidatama Tbk,dt,2019,0.0,IDR,2.0,2020-08-06T00:00:00,2020-08-07T00:00:00,2020-08-10T15:00:00,2020-08-28T00:00:00,0.0,0.0,IDR,12040000000.0
SRTG,PT Saratoga Investama Sedaya Tbk.,dt,2019,0.0,IDR,55.0,2020-06-25T00:00:00,2020-06-26T00:00:00,2020-06-29T16:00:00,2020-07-15T00:00:00,0.0,0.0,IDR,149213185000.0
SSIA,PT Surya Semesta Internusa Tbk,dt,2019,0.0,,0.0,2020-05-27T00:00:00,2020-05-28T00:00:00,2020-05-29T16:00:00,2020-06-17T00:00:00,0.0,0.0,,0.0
SSMS,PT Sawit Sumbermas Sarana Tbk. ,dt,2018,0.0,,0.0,2019-07-03T00:00:00,2019-07-04T00:00:00,2019-07-05T16:00:00,2019-07-26T00:00:00,0.0,0.0,IDR,25861035300.0
SSTM,,,,,,,,,,,,,,
STAR,,,,,,,,,,,,,,
STTP,PT Siantar Top Tbk,dt,2019,0.0,IDR,76.0,2020-07-20T00:00:00,2020-07-21T00:00:00,2020-07-22T16:00:00,2020-08-12T00:00:00,0.0,0.0,IDR,100000000000.0
SUDI,,,,,,,,,,,,,,
SUGI,,,,,,,,,,,,,,
SULI,,,,,,,,,,,,,,
SUPR,,,,,,,,,,,,,,
SURE,,,,,,,,,,,,,,
SWAT,,,,,,,,,,,,,,
TAMA,,,,,,,,,,,,,,
TAMU,,,,,,,,,,,,,,
TARA,,,,,,,,,,,,,,
TAXI,Express Transindo Utama Tbk,dt,2013,0.0,IDR,0.0,2014-08-05T00:00:00,2014-08-06T00:00:00,2014-08-08T16:00:00,2014-08-22T00:00:00,0.0,0.0,IDR,25747200000.0
TBIG,PT Tower Bersama Infrastructure Tbk,dt,2019,0.0,IDR,28.0,2020-05-29T00:00:00,2020-06-02T00:00:00,2020-06-03T16:15:00,2020-06-19T00:00:00,0.0,0.0,,0.0
TBLA,Tunas Baru Lampung Tbk,dt,2019,0.0,IDR,25.0,2020-08-27T00:00:00,2020-08-28T00:00:00,2020-08-31T16:00:00,2020-09-16T00:00:00,0.0,0.0,IDR,131997238475.0
TBMS,Tembaga Mulia Semanan Tbk,dt,2019,0.0,,0.0,2020-06-19T00:00:00,2020-06-22T00:00:00,2020-06-23T16:00:00,2020-07-08T00:00:00,0.0,0.0,,0.0
TCID,Mandom Indonesia Tbk,dt,2019,0.0,,0.0,2020-04-24T00:00:00,2020-04-27T00:00:00,2020-04-28T16:00:00,2020-05-19T00:00:00,0.0,0.0,IDR,84448000140.0
TCPI,PT Transcoal Pacific Tbk.,dt,2019,0.0,IDR,5.0,2020-07-17T00:00:00,2020-07-20T00:00:00,2020-07-21T16:00:00,2020-08-12T00:00:00,0.0,0.0,IDR,25000000000.0
TDPM,,,,,,,,,,,,,,
TEBE,PT Dana Brata Luhur Tbk.,dt,2019,0.0,,0.0,2020-09-07T00:00:00,2020-09-08T00:00:00,2020-09-09T16:00:00,2020-09-30T00:00:00,0.0,0.0,IDR,5140000000.0
TECH,,,,,,,,,,,,,,
TELE,PT Tiphone Mobile Indonesia Tbk.,dt,2018,0.0,IDR,6.0,2019-07-05T00:00:00,2019-07-08T00:00:00,2019-07-09T16:00:00,2019-07-31T00:00:00,0.0,0.0,IDR,43865576334.0
TFAS,,,,,,,,,,,,,,
TFCO,,,,,,,,,,,,,,
TGKA,Tigaraksa Satria Tbk,dt,2019,0.0,,0.0,2020-05-12T00:00:00,2020-05-13T00:00:00,2020-05-14T16:00:00,2020-05-19T00:00:00,0.0,0.0,,0.0
TGRA,,,,,,,,,,,,,,
TIFA,Tifa Finance Tbk,dt,2018,0.0,IDR,7.0,2019-06-11T00:00:00,2019-06-12T00:00:00,2019-06-13T16:00:00,2019-06-27T00:00:00,0.0,0.0,IDR,7557900000.0
TINS,Timah (Persero) Tbk,dt,2015,0.0,IDR,4.0,2016-04-14T00:00:00,2016-04-15T00:00:00,2016-04-19T16:00:00,2016-05-10T00:00:00,0.0,0.0,IDR,30475799385.0
TIRA,Tira Austenite Tbk,dt,2014,0.0,IDR,20.0,2015-06-22T00:00:00,2015-06-23T00:00:00,2015-06-25T16:00:00,2015-07-10T00:00:00,0.0,0.0,IDR,1176000000.0
TIRT,,,,,,,,,,,,,,
TKIM,Pabrik Kertas Tjiwi Kimia Tbk,dti,2019,0.0,,0.0,2020-09-02T00:00:00,2020-09-03T00:00:00,2020-09-04T16:00:00,2020-09-25T00:00:00,0.0,0.0,IDR,0.0
TLKM,PT Telekomunikasi Indonesia (Persero) Tbk.,dt,2019,0.0,IDR,154.0,2020-06-29T00:00:00,2020-06-30T00:00:00,2020-07-01T16:15:00,2020-07-23T00:00:00,0.0,0.0,IDR,15262337996054.0
TMAS,PT Temas Tbk.,dt,2019,0.0,IDR,4.0,2020-07-03T00:00:00,2020-07-06T00:00:00,2020-07-07T15:00:00,2020-07-24T00:00:00,0.0,0.0,IDR,20538540000.0
TMPO,Tempo Inti Media Tbk,dt,2012,0.0,,0.0,2013-05-07T00:00:00,2013-05-08T00:00:00,2013-05-13T16:00:00,2013-05-27T00:00:00,0.0,0.0,IDR,725000000.0
TNCA,,,,,,,,,,,,,,
TOBA,Toba Bara Sejahtra Tbk,dt,2016,0.0,,0.0,2017-06-05T00:00:00,2017-06-06T00:00:00,2017-06-08T16:00:00,2017-06-22T00:00:00,0.0,0.0,USD,838982.0
TOPS,,,,,,,,,,,,,,
TOTL,Total Bangun Persada Tbk,dt,2019,0.0,IDR,10.0,2020-07-23T00:00:00,2020-07-24T00:00:00,2020-07-27T16:00:00,2020-08-14T00:00:00,0.0,0.0,IDR,34100000000.0
TOTO,Surya Toto Indonesia Tbk,dt,2019,0.0,IDR,6.0,2020-08-11T00:00:00,2020-08-12T00:00:00,2020-08-13T16:00:00,2020-08-26T00:00:00,0.0,0.0,IDR,61920000000.0
TOWR,Sarana Menara Nusantara Tbk,dt,2019,0.0,IDR,18.0,2020-05-14T00:00:00,2020-05-15T00:00:00,2020-05-18T16:15:00,2020-05-27T00:00:00,0.0,0.0,,0.0
TOYS,,,,,,,,,,,,,,
TPIA,PT Chandra Asri Petrochemical Tbk,dti,2019,0.0,USD,0.0,2019-10-24T00:00:00,2019-10-25T00:00:00,2019-10-28T16:00:00,2019-11-01T00:00:00,0.0,0.0,USD,6583901.0
TPMA,Trans Power Marine Tbk,dt,2019,0.0,IDR,24.0,2020-08-10T00:00:00,2020-08-11T00:00:00,2020-08-12T16:00:00,2020-09-03T00:00:00,0.0,0.0,IDR,61882550000.0
TRAM,Trada Maritime Tbk,Tunai Final,2008,0.0,,0.0,2009-05-14T00:00:00,2009-05-15T00:00:00,1900-01-01T00:00:00,2009-06-03T00:00:00,0.0,0.0,,17462000000.0
TRIL,,,,,,,,,,,,,,
TRIM,Trimegah Securities Tbk,Tunai Final,2008,0.0,,0.0,2009-07-16T00:00:00,2009-07-17T00:00:00,1900-01-01T00:00:00,2009-08-05T00:00:00,0.0,0.0,,10359000000.0
TRIN,,,,,,,,,,,,,,
TRIO,Trikomsel Oke Tbk,dt,2012,0.0,,0.0,2013-05-15T00:00:00,2013-05-16T00:00:00,2013-05-20T16:00:00,2013-06-03T00:00:00,0.0,0.0,,0.0
TRIS,Trisula International Tbk,dt,2019,0.0,,0.0,2020-06-23T00:00:00,2020-06-24T00:00:00,2020-06-25T16:00:00,2020-07-17T00:00:00,0.0,0.0,IDR,4711176009.0
TRJA,,,,,,,,,,,,,,
TRST,Trias Sentosa Tbk,dt,2019,0.0,,0.0,2020-09-02T00:00:00,2020-09-03T00:00:00,2020-09-04T16:00:00,2020-09-25T00:00:00,0.0,0.0,,0.0
TRUK,,,,,,,,,,,,,,
TRUS,,,,,,,,,,,,,,
TSPC,Tempo Scan Pacific Tbk,dt,2019,0.0,,0.0,2020-07-08T00:00:00,2020-07-09T00:00:00,2020-07-10T16:00:00,2020-07-30T00:00:00,0.0,0.0,IDR,225000000000.0
TUGU,PT Asuransi Tugu Pratama Indonesia Tbk,dt,2019,0.0,,0.0,2020-07-08T00:00:00,2020-07-09T00:00:00,2020-07-10T16:00:00,2020-07-30T00:00:00,0.0,0.0,IDR,137609578967.0
TURI,Tunas Ridean Tbk,dt,2019,0.0,,0.0,2020-07-29T00:00:00,2020-06-30T00:00:00,2020-07-01T16:00:00,2020-07-15T00:00:00,0.0,0.0,,0.0
UANG,,,,,,,,,,,,,,
UCID,PT Uni-Charm Indonesia Tbk.,dt,2019,0.0,IDR,19.0,2020-08-07T00:00:00,2020-08-10T00:00:00,2020-08-11T16:00:00,2020-08-27T00:00:00,0.0,0.0,IDR,79740950377.0
ULTJ,Ultra Jaya Milk Industry Tbk,dt,2019,0.0,IDR,12.0,2020-09-02T00:00:00,2020-09-03T00:00:00,2020-09-04T16:00:00,2020-09-24T00:00:00,0.0,0.0,IDR,124778102400.0
UNIC,Unggul Indah Cahaya Tbk,dt,2019,0.0,IDR,116.0,2020-08-07T00:00:00,2020-08-10T00:00:00,2020-08-11T16:00:00,2020-09-02T00:00:00,0.0,0.0,IDR,44466438108.0
UNIT,,,,,,,,,,,,,,
UNSP,Bakrie Sumatera Plantations Tbk,Tunai Final,2009,0.0,,0.0,2010-07-30T00:00:00,2010-08-02T00:00:00,1900-01-01T00:00:00,2010-08-19T00:00:00,0.0,0.0,,46161215998.0
UNTR,United Tractors Tbk,dt,2019,0.0,IDR,1213.0,2020-06-19T00:00:00,2020-06-22T00:00:00,2020-06-23T16:00:00,2020-07-03T00:00:00,0.0,0.0,IDR,4524653919968.0
UNVR,Unilever Indonesia Tbk,dt,2019,0.0,,0.0,2020-08-04T00:00:00,2020-08-05T00:00:00,2020-08-06T16:00:00,2020-08-19T00:00:00,0.0,0.0,,0.0
URBN,,,,,,,,,,,,,,
VICO,,,,,,,,,,,,,,
VINS,PT Victoria Insurance Tbk.,dt,2019,0.0,,0.0,2020-07-13T00:00:00,2020-07-14T00:00:00,2020-07-15T16:00:00,2020-08-06T00:00:00,0.0,0.0,IDR,13837830160.0
VIVA,,,,,,,,,,,,,,
VOKS,Voksel Electric Tbk,dt,2018,0.0,IDR,5.0,2019-07-01T00:00:00,2019-07-02T00:00:00,2019-07-03T16:00:00,2019-07-23T00:00:00,0.0,0.0,IDR,20778012975.0
VRNA,,,,,,,,,,,,,,
WAPO,,,,,,,,,,,,,,
WEGE,PT Wijaya Karya Bangunan Gedung Tbk.,dt,2019,0.0,,0.0,2020-04-08T00:00:00,2020-04-09T00:00:00,2020-04-13T16:00:00,2020-04-29T00:00:00,0.0,0.0,IDR,112914534059.0
WEHA,PT WEHA Transportasi Indonesia Tbk,dt,2017,0.0,,0.0,2018-05-11T00:00:00,2018-05-14T00:00:00,2018-05-16T16:00:00,2018-06-06T00:00:00,0.0,0.0,IDR,2420996523.0
WICO,,,,,,,,,,,,,,
WIIM,Wismilak Inti Makmur Tbk,dt,2019,0.0,IDR,4.0,2020-08-05T00:00:00,2020-08-06T00:00:00,2020-08-07T16:00:00,2020-08-27T00:00:00,0.0,0.0,IDR,7349558160.0
WIKA,Wijaya Karya Tbk,dt,2019,0.0,IDR,51.0,2020-06-16T00:00:00,2020-06-17T00:00:00,2020-06-18T16:15:00,2020-07-09T00:00:00,0.0,0.0,IDR,457007821660.0
WINS,Wintermar Offshore Marine Tbk,dt,2013,0.0,IDR,8.0,2014-06-26T00:00:00,2014-06-27T00:00:00,2014-07-01T16:00:00,2014-07-15T00:00:00,0.0,0.0,USD,2707732.0
WOMF,PT Wahana Ottomitra Multiartha Tbk,dt,2019,0.0,,0.0,2020-03-20T00:00:00,2020-03-23T00:00:00,2020-03-24T16:00:00,2020-04-15T00:00:00,0.0,0.0,IDR,77901392995.0
WOOD,,,,,,,,,,,,,,
WOWS,,,,,,,,,,,,,,
WSBP,PT Waskita Beton Precast Tbk.,dt,2019,0.0,IDR,8.0,2020-05-20T00:00:00,2020-05-26T00:00:00,2020-05-27T16:00:00,2020-06-12T00:00:00,0.0,0.0,IDR,201520505109.0
WSKT,PT Waskita Karya (Persero) Tbk,dt,2019,0.0,IDR,3.0,2020-06-15T00:00:00,2020-06-16T00:00:00,2020-06-17T16:00:00,2020-07-09T00:00:00,0.0,0.0,IDR,46907502471.0
WTON,Wijaya Karya Beton,dt,2019,0.0,IDR,15.0,2020-04-03T00:00:00,2020-04-06T00:00:00,2020-04-07T16:00:00,2020-04-29T00:00:00,0.0,0.0,IDR,128076420849.0
YELO,,,,,,,,,,,,,,
YPAS,Yanaprima Hastapersada Tbk,Tunai Final,2009,0.0,,0.0,2010-06-07T00:00:00,2010-06-08T00:00:00,1900-01-01T00:00:00,2010-06-18T00:00:00,0.0,0.0,,13360001780.0
YULE,,,,,,,,,,,,,,
ZADI,,,,,,,,,,,,,,
ZBRA,,,,,,,,,,,,,,
ZINC,PT Kapuas Prima Coal Tbk,dt,2018,0.0,IDR,0.0,2019-07-08T00:00:00,2019-07-09T00:00:00,2019-07-10T16:00:00,2019-08-01T00:00:00,0.0,0.0,IDR,10000000000.0
ZONE,,,,,,,,,,,,,,
